species,image_id,animal_gray_sd,animal_saturation_sd,animal_edge_density,animal_luminance_edge_cv,animal_chromatic_edge_mean,animal_chromatic_edge_cv,gray_contrast_abs,saturation_contrast_abs,lab_colour_distance,luminance_edge_cv_difference,chromatic_edge_cv_difference,gray_sd_difference,saturation_sd_difference,edge_density_difference,chromatic_edge_mean_difference
Aphelodoris varia,Aphelodoris_varia_img01,52.04458815656526,52.32136363325622,0.1480383772253187,1.091298294133145,38.7042121887207,0.9975600421719646,83.47556430284564,57.28321455280077,32.9744917128101,0.2247821011579844,0.1447317282091026,9.600525362047229,6.714225684046831,0.003661023020401194,2.2196311950683665
Aphelodoris varia,Aphelodoris_varia_img02,60.25616193865617,54.810727789680335,0.2274517485256979,0.9341480637002854,33.77824401855469,0.722648169956873,61.94752616327392,57.98517598923712,24.66906881898204,0.1029286498317668,0.0319019455994733,4.182401302431408,2.6401764418769744,0.004326897115607714,3.4183216094970703
Aphelodoris varia,Aphelodoris_varia_img03,48.91092808274412,62.87451445867583,0.0146199141758861,1.2331532754551218,13.873527526855469,1.1195512092567714,64.81287823761227,3.756101475366478,30.035155295748936,0.2413771472845077,0.1826786625009906,12.997612082126231,0.5097061244704406,0.05261976101161749,12.872760772705078
Aphelodoris varia,Aphelodoris_varia_img05,71.32727356645061,60.22475953457809,0.1661555631522853,1.0610703495191371,23.0527458190918,0.7036644366445981,22.99056322984974,10.867202763613877,9.347835208032311,0.0491548634598864,0.0658880249948968,16.572082221274158,20.038578275298008,0.140776600655336,10.177690505981449
Aphelodoris varia,Aphelodoris_varia_img06,57.44587103396604,50.12337627407256,0.0274085591640898,0.9965487474371928,22.297468185424805,1.1336062947941006,80.34375300402928,4.922341778452136,35.455507359366564,0.1132648079939636,0.2999472273567116,22.121787864744853,1.9612207770282808,0.024854504582876597,3.308673858642578
Aphelodoris varia,Aphelodoris_varia_img07,52.00037696959473,63.23044968679226,0.0292467512906977,1.2223581985086278,8.259892463684082,0.71982127033151,62.987451194166894,0.5171781455982511,28.43495657967854,0.3161031793967886,0.1391952077241834,24.388826115329117,36.170033285446294,0.018455030439380397,1.101606845855713
Aphelodoris varia,Aphelodoris_varia_img08,52.22248969358811,43.78801692813672,0.0564281585943821,1.2787263377283555,18.811595916748047,0.7202695328477189,54.78075713947166,9.15790531297904,21.477192825870205,0.442946397066565,0.2140600863483932,12.281626844904729,10.45776891811748,0.017404053203839802,4.993223190307617
Aphelodoris varia,Aphelodoris_varia_img09,65.20721262252748,65.32157611893523,0.1200490476806266,0.9003387481355231,20.79732894897461,0.630351831794266,30.39859439561519,6.534368626217969,14.47553594521906,0.2237718419108746,0.1391603574775677,20.626583201501326,16.664739004562286,0.06807682940916221,8.073974609375
Ardeadoris egretta,Ardeadoris_egretta_img01,27.08839105750742,36.21545361722426,0.0071189752741977,1.2431739850252264,10.842933654785156,1.043015785899993,123.32738320845456,25.83587808515749,55.7550132255694,0.2330965018835364,0.48586804463479,2.1594129775814395,16.08656780502718,0.09253132682006049,2.9563779830932617
Ardeadoris egretta,Ardeadoris_egretta_img10,28.722967398014628,58.12647699412318,0.0054826822968775,1.2936665969168526,13.066064834594728,1.0936964673935654,99.25496375457782,130.27305979695367,50.27078910661623,0.3010184897312026,0.3641572445889349,21.548140787076587,6.1653194289043824,0.0785074154424984,14.135902404785154
Ardeadoris egretta,Ardeadoris_egretta_img02,27.61130508019787,35.128725304736605,0.0068752963489805,1.3817057084786633,10.354450225830078,1.4201608336707368,133.97570385132428,21.01927934826313,65.31071263150565,0.0702041445940724,0.3314001699235225,6.266457219698911,28.0933027999698,0.003919886442498599,0.7447061538696289
Ardeadoris egretta,Ardeadoris_egretta_img03,32.91213300743123,65.71632971004128,0.0218808575021803,1.4211284829602304,26.85378646850586,1.1427538997826423,80.50278108708454,46.85446237662418,34.95392281310676,0.4810128473837018,0.5394487310438498,9.220561923307088,13.957544586526318,0.043115430661604004,11.481098175048828
Ardeadoris egretta,Ardeadoris_egretta_img04,34.07925436169742,42.03436025651428,0.0299306636895143,2.033772071724305,13.733491897583008,1.4112820220810092,136.75777618738272,9.467566260558511,60.49280546339202,0.1277600674783325,0.2776196252224074,5.802242309317428,12.589125455678989,0.002305195345760399,5.840034008026123
Ardeadoris egretta,Ardeadoris_egretta_img05,45.47314430059771,46.539276207996544,0.0079387285350285,1.3124278130114118,8.915444374084473,1.808359204627128,129.90992099189947,2.2482947871666283,52.57862557019011,0.2866558684963216,0.8778387619441512,15.475603023355731,23.38382224849668,0.0042374034047983,0.742095947265625
Ardeadoris egretta,Ardeadoris_egretta_img06,24.65406067369744,50.30106685348261,0.0198650367912385,2.412525183982586,10.502944946289062,1.2992762461119158,65.95328188480632,76.6077616499339,29.965322115114716,1.5921116847437533,0.5864116930983403,25.80630986686734,12.182167591461756,0.23951328483269532,11.809658050537106
Ardeadoris egretta,Ardeadoris_egretta_img07,47.20877900797202,58.053228676503714,0.0232349463100409,1.2960465954389726,18.243770599365234,1.5388228320155066,109.00000500435527,2.0957821758486546,47.95453421064614,0.0968126093557473,0.5656509795656048,11.390983198500074,15.314795053935804,0.004854696541914703,2.7651329040527344
Ardeadoris egretta,Ardeadoris_egretta_img08,26.60094768862805,59.57375651757009,0.0076486568632673,2.2578911051734125,10.898921966552734,1.996842238265758,120.29807353823357,5.821483709486572,52.01422041629238,0.4566545102526178,0.2680799175419195,19.613179480524888,14.703215512891006,0.027354022126753398,0.23004341125488104
Ardeadoris egretta,Ardeadoris_egretta_img09,26.58950441277251,40.90457120953712,0.0113699475470533,1.5631005898875503,10.647422790527344,1.998703942951277,83.6952730089533,25.79825023545736,35.78180492049955,0.7384715526746215,1.1338805892761323,20.234998854299707,6.385638663227333,0.1152447074934851,20.528793334960938
Ardeadoris rubroannulata,Ardeadoris_rubroannulata_img01,44.11099508169477,66.90161523570433,0.0438731733476337,1.347817968914796,26.910131454467773,1.135704888749526,91.7018883556625,10.07253674346751,49.75681773115578,0.0738055370515136,0.1097065535722898,10.575095871438151,7.166045824730219,0.0296997277941138,13.88951587677002
Ardeadoris rubroannulata,Ardeadoris_rubroannulata_img10,46.33271583131466,71.76295564137298,0.0589862498479655,1.489371717125777,33.81098556518555,1.2772945705499288,97.0467941917065,34.86269811088263,42.91544577266938,0.4845201445263507,0.3170703262883828,18.36389879522293,20.222252379442182,0.012421069699701498,8.518512725830078
Ardeadoris rubroannulata,Ardeadoris_rubroannulata_img02,43.53302498209972,65.13730820019282,0.0806819488634185,1.3034370221270637,45.12492752075195,1.2900938007033256,86.65535860510222,102.1589752926332,50.069639581117,0.3064953575672291,0.2129115399198087,13.185421966388688,23.25548564099823,0.03471979487657321,29.308051109313965
Ardeadoris rubroannulata,Ardeadoris_rubroannulata_img03,47.53618635338089,63.14519669368792,0.0523870579258005,1.326510535130882,28.279521942138672,1.2084484023122204,93.32405459405652,0.0840777250197959,56.38832909699963,0.1814744851946041,0.0003328705704788,26.52041826997111,8.254244159655087,0.0402934236534694,15.460043907165527
Ardeadoris rubroannulata,Ardeadoris_rubroannulata_img04,51.76636668548565,58.4030955420785,0.0552813175940403,1.544274243623066,28.53943252563477,1.30860993223097,99.86358178519092,48.7197488654233,52.66180692187967,0.108740545062413,0.2320951927356678,14.38781406314461,19.619955162034074,0.0266312694966696,15.845780372619632
Ardeadoris rubroannulata,Ardeadoris_rubroannulata_img05,45.69201654071435,48.76484143201464,0.043346154672626,1.32543494686374,21.251201629638672,1.290533354275585,74.76330678619553,67.36358459724096,52.308144656055006,0.0106242774598639,0.0127194941554771,17.52414515078554,7.477743305646946,0.0366669738661222,12.749032020568848
Ardeadoris rubroannulata,Ardeadoris_rubroannulata_img06,47.09843027770151,66.04843864859686,0.0733291224191701,1.5136595554919414,28.89131736755371,1.194289887004154,80.77344730802841,88.62123333939616,46.21641587556165,0.5852723594794689,0.4815843664924182,15.634667012266739,36.879730960643364,0.005535270442226403,8.48855209350586
Ardeadoris rubroannulata,Ardeadoris_rubroannulata_img07,49.102864743999945,51.93209524702985,0.0438206757657817,1.4037728596074694,27.60379981994629,1.2144009044563004,98.68571628588784,62.63400428099963,53.53548578344237,0.4356990404259188,0.3245058884020705,8.275559231460576,8.492094725502959,0.029895138539443,7.1922302246093714
Ardeadoris rubroannulata,Ardeadoris_rubroannulata_img08,51.67657227867649,69.65384162004315,0.065624739418919,1.4067025729523548,28.941082000732425,1.1684307773664309,94.83815315927656,6.78923946906626,45.79444029347621,0.4264023608429541,0.4081214889409013,16.946706264649904,19.023510685280378,0.004218496768878505,11.37579727172852
Ardeadoris rubroannulata,Ardeadoris_rubroannulata_img09,43.8860625173928,66.71070754888397,0.0420053905674396,1.644730469986623,24.05201911926269,1.0077859285966069,100.4563606504976,22.28344588104328,49.09030784971127,0.0221607491730788,0.1286837038650773,6.793995775767996,16.460696605878134,0.0182095215373617,7.849859237670895
Ceratosoma brevicaudatum,Ceratosoma_brevicaudatum_img01,48.28947797174125,57.37654922803947,0.0420485772649533,1.0437111759909456,28.883411407470703,1.2724852683305394,7.02100006184412,34.15696887466049,20.636642900757487,0.0247429830578524,0.040986519066644,7.794749438717162,5.698765205310444,0.0223291318473609,15.87913703918457
Ceratosoma brevicaudatum,Ceratosoma_brevicaudatum_img10,56.59567204628953,69.5606633487321,0.0644606471575759,1.135663882140442,36.98589324951172,0.8670766108030112,135.7013484512748,91.2696298363362,58.80724373472308,0.2838788627879325,0.0141659026785205,30.370130558001552,9.5871346458555,0.03594543624873461,18.072322845458988
Ceratosoma brevicaudatum,Ceratosoma_brevicaudatum_img02,29.042403241570582,54.633892914184834,0.0293612095274844,1.5892889167355932,22.4534854888916,1.2852923435110477,55.78541705234593,39.427506335718505,54.46233605644305,0.6221758283331432,0.5608107124674315,5.610931704337357,9.820155846403921,0.05948210533878,10.873394012451172
Ceratosoma brevicaudatum,Ceratosoma_brevicaudatum_img03,50.96894514421223,61.02354532773576,0.0721388376369603,1.0261980997358937,17.283931732177734,0.8315073079638631,27.857372725625996,1.3113490071055338,20.48198382893672,0.1660846282882434,0.1583448566503557,27.245562044601144,27.302416467763372,0.041798868861537705,9.658664226531982
Ceratosoma brevicaudatum,Ceratosoma_brevicaudatum_img04,21.251379208028418,31.760778133006085,0.0102042090411352,1.0318320748849523,10.82929801940918,1.0678537026890076,22.599464933410676,29.92691141290805,16.74104696397222,0.3042842980917324,0.2787318715682025,4.252215547203193,17.020387689180307,0.022441221317676903,3.7290096282958984
Ceratosoma brevicaudatum,Ceratosoma_brevicaudatum_img05,30.18676383143055,64.97761695177563,0.0152440479700341,1.29850588101915,14.98068141937256,0.9626501976683404,97.24182873642884,18.02006723633028,41.93625030295119,0.3817209567821963,0.2017351801809114,20.88957400658337,1.9597204159338304,0.10744470689674959,0.39097309112549006
Ceratosoma brevicaudatum,Ceratosoma_brevicaudatum_img06,40.61018626930476,42.96569282553138,0.0181691519807199,1.1799868283700068,21.794946670532227,0.8549465472879659,135.4338354911322,63.48799830339918,53.6325790881228,0.0926536720528035,0.0135094714576562,17.413264431731328,18.306217420126927,0.011237720901436899,11.345322608947754
Ceratosoma brevicaudatum,Ceratosoma_brevicaudatum_img07,49.97106903413778,64.87820658647281,0.017290550090259,1.2185838447875583,19.260995864868164,0.8578852162277862,93.39197611489725,66.05066770561515,44.31297271358189,0.1256937897495647,0.0811489632347333,6.259316763507968,0.14688957550310988,0.0064975702025411,3.824538230895996
Ceratosoma brevicaudatum,Ceratosoma_brevicaudatum_img08,51.66282463287048,48.098544951486986,0.1662453516065683,0.8916568399628643,33.717830657958984,0.6841665849259757,27.23317843410396,50.07420817032771,34.64846521131716,0.1132585870854332,0.0928815133174543,0.9339838584294498,1.2013131560228771,0.049737080040315684,16.402311325073242
Ceratosoma brevicaudatum,Ceratosoma_brevicaudatum_img09,30.91118889044085,33.059221884529364,0.140838023764853,0.8314085568010487,46.35042953491211,0.7021347374800697,16.790448294715986,76.71871857519554,38.44646033969634,0.1266268568812441,0.0178141550026418,33.07168540530026,1.6802669452529884,0.03332602595305499,19.91201400756836
Ceratosoma trilobatum,Ceratosoma_trilobatum_img01,33.94239947334394,63.7535898757524,0.0189444725647098,1.250832041868855,27.341753005981445,0.9521849844921012,41.85187964893612,22.83030219470152,19.65009199189389,0.4266393005657357,0.1261336704679686,7.452324202008043,34.83393607964079,0.045026537202137604,7.909435272216797
Ceratosoma trilobatum,Ceratosoma_trilobatum_img10,19.9731772290714,45.28196015449856,0.0005342526511027,0.771641311865359,17.683063507080078,0.5994062895789869,9.375581176747689,89.47857477474841,28.82724733009167,0.1523304715924238,0.1280028815100893,0.33012308066081175,21.830625319390602,0.014416654234972499,9.742353916168213
Ceratosoma trilobatum,Ceratosoma_trilobatum_img02,27.681585701607524,21.509912184088183,0.0228752553131108,1.623590610624544,13.7963285446167,1.284553505309059,42.24253027529859,116.36766781714888,63.431809492852565,0.6804906030401022,0.5080819837703815,18.691918170972464,11.90667989241248,0.0365963803484172,0.8732261657714826
Ceratosoma trilobatum,Ceratosoma_trilobatum_img03,14.90409303622285,16.54512261365883,0.0006027518740733,1.147997983365583,9.12957000732422,0.8593176384365774,31.40982167513654,105.5503501572965,57.82325363088872,0.2475172081126487,0.2166176855329367,17.589818246058105,7.999327266683469,0.016642895456564503,0.14084911346435725
Ceratosoma trilobatum,Ceratosoma_trilobatum_img04,44.22802925797559,48.68889745314844,0.0317578226068957,1.0246606582171982,32.080543518066406,0.88469874509526,28.22377629751523,97.5958824192468,28.24826432467518,0.030005830420808,0.0106184993209205,3.20811778736838,17.070443350604496,0.0006389763912859996,25.30070161819458
Ceratosoma trilobatum,Ceratosoma_trilobatum_img05,39.08981297748608,58.8176141635232,0.0223996400514358,1.535581208114127,22.64683532714844,0.7922658459233127,98.64676466966682,25.82090165355657,59.45737131595401,0.3202155142064951,0.2028414138702603,15.87969201739632,11.306311114183188,0.002717472993961599,12.33537864685059
Ceratosoma trilobatum,Ceratosoma_trilobatum_img06,49.48288428076218,76.4313003766821,0.0190415552778524,1.7750143084402654,16.0616397857666,1.6518200791480746,102.90005885469496,6.672062271009395,44.91951463676174,0.4622276936235727,0.5915259563089192,11.05581085195,10.894032856591934,0.0018120539165442998,2.015668869018553
Ceratosoma trilobatum,Ceratosoma_trilobatum_img07,45.726701065069854,54.3414957414594,0.01265897443061,1.0936276519842398,16.873497009277344,1.499475955206152,81.1165811150353,16.258157400278506,35.84011425451424,0.1869441990167124,0.0058393593801817,4.80231123410158,9.701225310443824,0.0020573893953774007,10.074034690856934
Ceratosoma trilobatum,Ceratosoma_trilobatum_img08,52.16341927254717,55.83053166541382,0.0325735207275304,2.096994678819722,44.0994873046875,0.7978602154109333,130.56327037775563,32.13984410154663,59.5203700105362,0.657431256878652,0.0604871396500852,2.568339476627216,9.607435558143727,0.00026081287002360093,31.434706687927246
Ceratosoma trilobatum,Ceratosoma_trilobatum_img09,42.53183745056654,71.79071262118707,0.0175960262436592,1.3811995608386505,27.85067367553711,0.8715672492945036,64.19955696600142,48.413563542835774,35.09809469411323,0.2153695622022939,0.0058468573594235,4.5254989293982675,7.708721591214285,0.0087335361380791,15.987627983093262
Chromodoris elisabethina,Chromodoris_elisabethina_img01,37.31161343972335,84.35532547088967,0.039006987646313,1.3023850638182646,20.168869018554688,1.092344398151896,6.873497720351331,43.55742564918637,16.21729175047602,0.3998067810844508,0.3631437429194208,1.4214213107742495,19.71100241710694,0.027829173997267503,5.784703254699707
Chromodoris elisabethina,Chromodoris_elisabethina_img10,58.956417989034286,72.51983976493749,0.0664443337038882,1.3744002751134,36.53099822998047,1.359624229693427,68.04684030317402,18.459877431222736,31.01329810420592,0.3536424266087594,0.5004381350755012,15.409854080818164,0.009892742031070156,0.04310867419098119,6.587064743041989
Chromodoris elisabethina,Chromodoris_elisabethina_img02,45.60515388740584,57.92853717694717,0.0191983275203626,1.6778607763599476,22.255638122558597,1.2764630071533594,19.15552759444793,131.28084596545187,17.38716265248099,0.7098061867537974,0.3652423160450329,10.110325802263162,21.54044509970344,0.013802735126267401,7.6409864425659215
Chromodoris elisabethina,Chromodoris_elisabethina_img03,61.54983638705831,59.764690280021625,0.0396345246189656,1.379933330042865,29.2033805847168,0.9437092277947946,4.6739618170028905,76.99695211281629,25.00957097668738,0.4352522923414063,0.2472886643602492,3.664073920507782,12.128597109358537,0.044821747569415406,9.579002380371097
Chromodoris elisabethina,Chromodoris_elisabethina_img04,86.7331557149414,61.68143509830854,0.033896759287408,1.6111994461329835,14.53829288482666,1.1658036781122116,13.681279061698532,9.73361538390435,13.52158378586565,0.4838227316216932,0.4149611814695959,16.6944829495242,8.964907799066538,0.051616126215887,1.6735429763793945
Chromodoris elisabethina,Chromodoris_elisabethina_img05,63.63984147441253,76.25404837166154,0.0361454054073584,1.350943791504965,22.56108665466309,1.0202892047153542,69.20408548373418,36.22020908111261,31.957021035042622,0.2522141170082688,0.2145517753211013,22.0594014951688,31.510268767862343,0.008354003542209797,10.463510513305668
Chromodoris elisabethina,Chromodoris_elisabethina_img06,72.08693502600947,77.9091936471213,0.0586851709244316,1.6757857359876065,29.150230407714844,0.987474870962178,72.4775363998537,23.97170291491201,35.08863612116997,0.4515731951322879,0.1801592228385834,16.44430927331024,9.620931050714802,0.090691687368883,17.440460205078125
Chromodoris elisabethina,Chromodoris_elisabethina_img07,58.94512223734156,77.64299453350354,0.068310653803783,1.363499062122562,33.05952453613281,1.1303082864354983,50.91503747493034,8.89919494878663,27.39874232612731,0.3411662578983783,0.3233421706369791,16.876509288069585,16.014559519834712,0.016331784032904806,8.521780014038086
Chromodoris elisabethina,Chromodoris_elisabethina_img08,64.8697685506683,62.44166788174282,0.2228775544110317,0.998117296444674,108.26609802246094,0.7746499209972987,29.011370144491124,132.2731039952414,17.79536194953671,0.0578946841742373,0.3460505728050415,24.36098906856173,21.69439512097174,0.14066140763412868,86.80601692199707
Chromodoris elisabethina,Chromodoris_elisabethina_img09,56.97585857681133,62.83302960165453,0.0444809789553588,1.7243569230541966,19.752197265625,0.944000583245782,8.259563411229692,33.37672038571742,12.930535825577676,0.6246360055315221,0.2295626362475284,11.167128126168876,10.217671912284189,0.012033366906198405,10.31102466583252
Chromodoris kuiteri,Chromodoris_kuiteri_img01,61.99489026824086,73.03529863960624,0.0365528755639231,1.6049811917790304,20.36306571960449,1.1314514245870992,16.67695629140215,94.4698482345692,13.304966608542545,0.669887904931751,0.4096213849702909,23.928105121243917,30.202869754923505,0.009412300114280802,1.0020618438720632
Chromodoris kuiteri,Chromodoris_kuiteri_img10,58.64149848089712,85.98638041904574,0.0489568963888206,1.494776668539568,22.60611915588379,1.4303405880991555,5.468106377362915,30.229326234604716,8.245196920898778,0.6220162054424951,0.6144938269860807,23.148534686605352,36.571225701483755,0.017605215850584402,2.93265342712402
Chromodoris kuiteri,Chromodoris_kuiteri_img02,48.069812704085486,58.27625562103781,0.0267158724196453,1.4811536627529371,19.183971405029297,0.9240094826706818,1.1305630160262936,1.9515668659922767,9.024785802657595,0.366612561500607,0.1400624142024984,12.154037439997886,7.873061323663329,0.0212358755515173,2.5824108123779297
Chromodoris kuiteri,Chromodoris_kuiteri_img03,54.79229925632526,94.25365231796238,0.0355836710487298,1.501345061634403,15.739110946655272,1.325686541901569,35.31703851233985,57.474666789817206,15.337341202162424,0.4707314655758929,0.2059269090719315,16.92127458412969,46.145624150522195,0.0291290335615542,6.763667106628416
Chromodoris kuiteri,Chromodoris_kuiteri_img04,65.16547333085691,70.90969651776496,0.0737909426786546,1.5241525913116225,31.10779571533203,1.4562296544259878,6.226884882467843,25.312944145474543,7.158380243084439,0.6028851224068589,0.6062897581671006,22.52684580935118,8.24345592229038,0.00980687997340321,2.9928150177001918
Chromodoris kuiteri,Chromodoris_kuiteri_img05,57.03291803864674,83.2037421097971,0.0502632250503293,1.8626247559125864,25.693471908569336,1.8472110632948544,24.188581326350796,9.438032796841298,10.621987753026312,1.0317125830935567,1.0255349612907223,15.73906910503542,14.6261317609181,0.1067381299489879,20.311708450317383
Chromodoris kuiteri,Chromodoris_kuiteri_img06,79.5541846102294,75.06140316017647,0.0366423144234366,1.491642498887458,21.54448127746582,1.3413554568083803,20.041643365134743,114.0215609708156,14.512992925568636,0.4080905650250861,0.2749061348270285,20.756432476952412,13.957607835787044,0.0499692566648578,3.999784469604492
Chromodoris kuiteri,Chromodoris_kuiteri_img07,52.57527053780503,92.48563142839564,0.0305732144523076,1.4261145452623138,15.06147003173828,1.1789651630054043,14.73568201354417,64.36940304321392,13.110984006003193,0.1653789134456256,0.0658334822113277,1.1706993343058443,22.962923204896626,0.001405803837657798,7.912907123565672
Chromodoris kuiteri,Chromodoris_kuiteri_img08,76.27028216523277,71.57559179346943,0.0946983101410562,1.4178628753548257,28.694564819335938,1.3414258343538803,43.62827073836371,99.81493188587972,22.1275168035635,0.3067978823220347,0.394439664584064,12.40790709454005,1.7014630962662949,0.0291241277769939,17.827556610107422
Chromodoris kuiteri,Chromodoris_kuiteri_img09,55.18847180665034,57.51448182158838,0.0365532731462685,1.4130447700651267,24.735597610473636,1.0968164047605222,52.02811534834109,110.97249369620867,36.86574148034561,0.4903233372720262,0.2224695557884782,4.266706414603824,17.76993261256382,0.013166713577016903,9.25182914733887
Dendrodoris krusensternii (=denisoni),Dendrodoris_krusensternii_denisoni_img01,45.14265308435955,26.874110053860868,0.2066337792963126,0.8047529994902002,9.51051902770996,0.5201114023341384,7.131585843653724,10.917630809393472,6.6097863411557,0.1061590876771624,0.0043666748852942,9.508180616684413,1.3979679763450825,0.11718988419567261,2.8475151062011737
Dendrodoris krusensternii (=denisoni),Dendrodoris_krusensternii_denisoni_img10,41.86774570379349,38.69340054383513,0.0403501569669162,1.1590696425845934,9.609353065490724,0.6685802803197297,20.14125958145649,55.592721462318025,13.076592726673564,0.1076509259682942,0.0996322794664917,2.7837874740209685,1.965123438096569,0.0372829842350712,1.0521497726440447
Dendrodoris krusensternii (=denisoni),Dendrodoris_krusensternii_denisoni_img02,48.07465261532525,49.16553360845337,0.1164353972545602,1.0936690078698947,15.152718544006348,0.5826877046609692,7.055089749112668,40.429407176204265,7.998298906447887,0.0670544266566703,0.0201645280337385,12.427780060557701,5.868010344922801,0.07396043025778029,6.000004768371582
Dendrodoris krusensternii (=denisoni),Dendrodoris_krusensternii_denisoni_img03,68.751494953343,64.01618092651653,0.1145658082049954,1.0007496524267474,9.400748252868652,0.8258499529135424,29.27082017626114,15.207988878574676,15.783841561389636,0.1765945722412173,0.0202725709771791,8.306725422017067,31.099333534175912,0.0428512373419577,4.825475215911865
Dendrodoris krusensternii (=denisoni),Dendrodoris_krusensternii_denisoni_img04,59.22249436591992,50.90563552537269,0.1103410429217099,1.0675559431831347,24.77647590637207,1.0689973347978434,81.17916316884836,23.67970154863561,36.25775711689114,0.6314428049202574,0.124154010523767,17.619728890563962,32.014591550815396,0.093624843547478,18.86849355697632
Dendrodoris krusensternii (=denisoni),Dendrodoris_krusensternii_denisoni_img05,66.74682900697871,53.02034767964362,0.1080782120964801,1.055036539042674,7.011140823364258,0.5980876704398457,4.131575306595067,54.67971415641545,14.094045268867172,0.2450672078073458,0.0072277376155843,0.46280075908799745,1.507985508627499,0.0839962263194217,4.130719184875488
Dendrodoris krusensternii (=denisoni),Dendrodoris_krusensternii_denisoni_img06,55.97961952510374,31.558977940751383,0.1059026053563743,0.9495955335090028,10.097283363342283,0.7698420224317323,13.015019474070073,13.353854966068113,6.870599821830176,0.0471307735461441,0.0021315350912928,9.264863731168802,14.631777518081847,0.016724426202077702,0.4506378173828143
Dendrodoris krusensternii (=denisoni),Dendrodoris_krusensternii_denisoni_img07,60.98538510194052,34.43950907694621,0.1357093460341539,1.0184744581655036,8.889581680297852,0.6096973395203854,48.36706217912136,11.199522304618869,19.833224169727146,0.0754456894943201,0.0042558079367643,1.4699794230456718,20.357151718250023,0.0415299251607871,0.6706094741821289
Dendrodoris krusensternii (=denisoni),Dendrodoris_krusensternii_denisoni_img08,48.31744986646182,38.50054052402512,0.1393876204050008,0.9221218123241034,17.24155616760254,0.7480216086192872,1.0949670884202192,10.286130044538432,30.076183461327417,0.0108775455170572,0.035435868273619,2.6015465661047443,5.472958023404367,0.0008020269288953885,3.424123764038086
Dendrodoris krusensternii (=denisoni),Dendrodoris_krusensternii_denisoni_img09,55.43533654659845,31.69924393303832,0.1514788973116441,1.0513715900157143,7.51980447769165,0.6708068453022044,4.047266816719514,46.3751170412918,10.79278143208702,0.0747085974746871,0.0181053934728854,7.987802640958698,13.314400988144573,0.0372477233765052,3.395202159881592
Dendrodoris nigra,Dendrodoris_nigra_img01,18.423563325980613,35.91061761396474,0.042702147099132,1.2569591471834018,6.142947673797607,0.9246978213797656,98.74558432043102,101.7222826836641,57.96546691430107,0.3375159824940447,0.2517271638832902,27.952586036165915,16.60693548985566,0.07161215052487802,10.503262042999268
Dendrodoris nigra,Dendrodoris_nigra_img10,30.321183328744414,43.85180574734878,0.0190786799832099,1.5025969258666092,9.323278427124023,0.8676369652479305,121.82015773503208,58.40135210442772,47.85135799346171,0.3492846583436995,0.0360789757881701,23.638788958662143,7.548463512951088,0.038657547684355406,8.023427963256836
Dendrodoris nigra,Dendrodoris_nigra_img02,27.838894161847985,72.61531856094152,0.0486233779203675,1.8711933781594423,8.923652648925781,0.8451676091210892,90.71181669588944,24.58726179748564,40.11379168198668,0.7394211545597174,0.1707094308169703,28.939333513997315,20.056258558671765,0.014926015583587304,3.3095293045043945
Dendrodoris nigra,Dendrodoris_nigra_img03,30.15395554288111,44.8094255518905,0.0102689525509066,1.6661452515269322,9.636119842529297,0.9474286148616952,100.69283889130612,31.08637826111472,40.93644590953095,0.6788144455495383,0.1621094108042613,17.85791786814085,15.81773348562582,0.035924496292289096,7.591644287109375
Dendrodoris nigra,Dendrodoris_nigra_img04,21.58370307536076,25.62305718079865,0.0045508608971454,1.2717398240302964,4.1502685546875,0.9574202205395748,116.1776331521217,6.462135413907468,49.93405716659122,0.3201887546207729,0.0665125689666183,31.993005269274363,15.527039555781872,0.0406390476140827,2.065929889678955
Dendrodoris nigra,Dendrodoris_nigra_img05,6.506276376375501,16.60260084039588,0.0025313087190604,0.9217721463660946,7.478122234344482,0.4972985620706152,57.09729853184768,85.72165676823995,27.41896108254649,0.1367617353903907,0.0943241508639288,17.192567066497197,4.0895230311504704,0.0019816577730958,1.3855395317077637
Dendrodoris nigra,Dendrodoris_nigra_img06,22.825224616570512,35.729512211608714,0.0057779938267945,0.9852433500403084,6.757709503173828,0.6335551424702215,108.9309691034504,50.98229314289807,51.51544528062786,0.0218724287137271,0.1306419272810239,16.9230258974366,11.637940263781537,0.0151499985351276,0.7873945236206055
Dendrodoris nigra,Dendrodoris_nigra_img07,49.55220553898581,43.63543372762875,0.044753634256428,1.6587358472004323,9.66443157196045,1.027011835828903,95.95641496656512,4.491328263883702,39.34550373179012,0.5274089736922185,0.2844461892829001,32.266861607972224,10.20232893868787,0.025965927376525998,0.43814754486083807
Dendrodoris nigra,Dendrodoris_nigra_img08,20.89160636088892,28.263304695947436,0.0058895669835237,1.2478977098275426,4.100343704223633,0.9604795021400052,93.5819423965422,25.84105594752402,42.51200699478172,0.2622680867577147,0.2473808433258888,19.68543336574561,1.2121964253147866,0.005990040928030201,2.0989956855773926
Dendrodoris nigra,Dendrodoris_nigra_img09,29.723985594684475,45.99039597027226,0.0628434987237369,1.1048650717463186,6.496095657348633,0.7997701731592198,60.00320863404103,21.007536963467672,30.742062070024097,0.2788978061483351,0.1896243140140792,19.99069223450307,5.271333912245673,0.1200583142163307,4.849007606506348
Dendrodoris tuberculosa,Dendrodoris_tuberculosa_img01,47.99099294616162,35.50154000990255,0.0900590722590262,0.9850286928046628,16.216529846191406,0.9369050021806296,26.259273601371103,2.452644433365535,10.84205409712585,0.0555230052066073,0.0042335854950238,18.563831698201604,11.192417189548308,0.010223807277739791,7.047409057617191
Dendrodoris tuberculosa,Dendrodoris_tuberculosa_img10,41.26903484993993,14.599654618885532,0.0990627269650034,0.8648496089865727,6.298354148864746,0.5645763451495184,24.90939279600956,27.806209489028998,13.32280745344858,0.0175943909948496,0.08847625418432,1.4283474043375293,5.81646598755969,0.006371921195649596,2.0326766967773438
Dendrodoris tuberculosa,Dendrodoris_tuberculosa_img02,29.289529758830017,50.36231664644735,0.0451444652115948,1.1147110645416796,13.533880233764648,0.7881906818697819,15.947615178475331,22.444414608087243,12.24931036500651,0.2682786317160242,0.0855981236761148,1.6849242281971826,5.655843592609045,0.08486929191263021,14.621337890625
Dendrodoris tuberculosa,Dendrodoris_tuberculosa_img03,47.0858115150264,37.30047003150177,0.1440761887768757,0.961257619909212,14.616135597229004,0.6874654389245973,43.17908243260628,5.52968211213436,19.644899702928605,0.230002031343955,0.0906879878380482,3.289283848785189,5.888476362108648,0.14190160145414302,0.3039875030517578
Dendrodoris tuberculosa,Dendrodoris_tuberculosa_img04,59.53009993485764,50.90336367344706,0.2100772987058488,0.8795908001770049,36.47794723510742,0.814094729659424,54.04449829137495,65.90473644066488,23.12741502574968,0.1591499346614934,0.0629131676893507,7.134985714117448,25.479333649257214,0.025513950990595197,13.109477996826179
Dendrodoris tuberculosa,Dendrodoris_tuberculosa_img05,51.35600904774226,40.85851838343208,0.1539385581564083,0.7744845251621713,20.5900993347168,0.6282418980685942,0.6688439317100574,36.605915168714034,9.639344853567955,0.1083563661434403,0.0937943945058797,1.3736611376134817,2.4856874244624976,0.08639988905642011,3.3086128234863317
Dendrodoris tuberculosa,Dendrodoris_tuberculosa_img06,38.4368422226761,38.50874630485787,0.2351654496414709,0.8528370372609513,17.63169288635254,0.5825791844190096,12.150944050786762,42.8161022621227,9.991334966651117,0.2169412629801376,0.0811956670050155,6.669462755926368,2.6430619753890454,0.11043788782404967,0.7946567535400355
Dendrodoris tuberculosa,Dendrodoris_tuberculosa_img07,38.91890545230474,51.47123393919138,0.056570995678449,0.964346175742012,20.278152465820312,1.0083730639776245,23.563105773906894,7.72306738099364,12.856406889981471,0.0326318149068648,0.0523326745052201,10.472499546575452,2.098515200748153,0.0658389142314609,11.651992797851562
Dendrodoris tuberculosa,Dendrodoris_tuberculosa_img08,34.54232569394523,12.504160246269818,0.089744029842207,0.8543030490748141,5.579165935516357,0.6170626473939816,2.23539763989092,35.17684228506245,12.676074675535006,0.1428481915910712,0.079584582915456,5.291089075705571,0.3183824422906394,0.0910824673316917,0.4175682067871094
Dendrodoris tuberculosa,Dendrodoris_tuberculosa_img09,44.49018366085448,13.726412811077015,0.0880882341646249,0.8086446932715912,7.996356964111328,0.5786892882682305,9.001916234483616,16.22842293824312,12.358428315785645,0.0573336244856171,0.0190374945666145,4.849233676266991,0.985500196666484,0.0148905287890439,0.7066593170166016
Doriprismatica atromarginata,Doriprismatica_atromarginata_img01,56.97519199200873,41.600746264432914,0.0565383932951331,1.632496495198302,15.97511386871338,1.327247173487673,102.79904689409288,94.95778101133256,41.53624826238567,0.6161023204783851,0.3825542577521922,0.25545907361974685,7.625767943809983,0.0582604618884402,12.046490669250487
Doriprismatica atromarginata,Doriprismatica_atromarginata_img10,69.83665479069661,51.50778203522758,0.0308642616358889,1.6829771410600027,10.705090522766112,1.0512020337278034,129.71885977695888,94.57110107996542,54.93408676705175,0.4974564172881082,0.0156429503371373,28.11183398524488,23.27005091654557,0.0265872137962113,1.3033390045165998
Doriprismatica atromarginata,Doriprismatica_atromarginata_img02,59.24811728509265,44.94924572956926,0.0946614428746685,1.552494714872671,23.803285598754883,1.5930186893563882,97.3934637237733,108.8844832352887,42.21208467175677,0.3400467679500105,0.4956752687085366,9.914495727589745,13.253381489700622,0.048587861537082486,26.417394638061523
Doriprismatica atromarginata,Doriprismatica_atromarginata_img04,56.51998547263159,40.40359513787831,0.0950586125593597,1.5828044247304065,19.60661125183105,1.0348342445472358,73.01911662177449,84.207446188677,38.19184704478844,0.3671246561472214,0.2079906256661009,7.8439317304827085,16.845332159951766,0.0370600250622707,1.259740829467777
Doriprismatica atromarginata,Doriprismatica_atromarginata_img05,80.7815648112289,70.12230879925477,0.046924943461853,1.8029490023741208,11.17038631439209,0.8451067911813192,80.19573356116653,84.11850296681277,35.00277593923084,0.6134428551148949,0.1059877529738435,26.463330142691518,9.72383956755074,0.031145291834453998,1.5199861526489258
Doriprismatica atromarginata,Doriprismatica_atromarginata_img06,64.09500271151651,49.553374247342845,0.036638168119801,1.931371858183654,14.590167999267578,1.3591864774591638,77.70147897194727,91.5095448188773,32.66659489755325,0.7275454631531502,0.6203275068527611,9.14765229747789,20.62688836648357,0.023046031530828702,5.434671401977543
Doriprismatica atromarginata,Doriprismatica_atromarginata_img07,54.48399730011505,32.80851009694448,0.0454460066760111,1.6176561840280088,18.459794998168945,1.4387015667813463,83.0809613164094,50.4506838403071,36.184351595321424,0.5814211618630076,0.3581745226352324,3.318503192432729,13.746271102005004,0.024563785163626096,8.912527084350586
Doriprismatica atromarginata,Doriprismatica_atromarginata_img08,83.36757963938524,66.22647733936157,0.0340270812437311,1.9726306107853424,13.161367416381836,1.205625673607429,105.30184385908538,42.23712856626511,44.37701095960468,0.6483413060814407,0.0368571075612402,46.84338016232715,2.6603992284441063,0.029940514354120998,4.182168006896973
Doriprismatica atromarginata,Doriprismatica_atromarginata_img09,74.1331651647171,52.4083649152279,0.0933589078724588,1.7061038758389413,17.783193588256836,1.2082572935207376,82.99228262846364,66.174378851006,37.44629120427053,0.5770914124106268,0.4361147453379973,21.155798995811857,4.750366355942084,0.0532061244450371,7.131071090698246
Glossodoris hikuerensis,Glossodoris_hikuerensis_img01,48.14601775297504,52.0313284986519,0.2348406383150269,0.7879762949480504,37.28950500488281,0.92350637632708,100.33526058352656,123.89396549121084,41.50725129795087,0.2087393230244512,0.0388467758959421,13.49899372999566,7.391027827891968,0.19483128615421602,25.303156852722168
Glossodoris hikuerensis,Glossodoris_hikuerensis_img10,57.70343731644631,46.96477127052173,0.2354995231418681,0.8771501095533374,13.839374542236328,0.5405432233829459,55.55073961212409,62.53477449921138,23.993829110343164,0.1438218878162365,0.0738338954065288,14.449158459418555,16.01748939662116,0.15494536281105079,0.6386861801147461
Glossodoris hikuerensis,Glossodoris_hikuerensis_img02,54.35258924936929,68.6366457254709,0.15832595445885,0.831835957421413,31.44297981262207,1.119674116935475,48.04519222270972,1.9745144806504271,20.71747381746385,0.8202260652838721,0.5812861023608606,2.6820258162188466,25.096815424692977,0.1108178340203748,17.09892177581787
Glossodoris hikuerensis,Glossodoris_hikuerensis_img03,42.62180740339876,44.69631036996053,0.1309717924685762,0.7428120294326896,22.21487617492676,0.8724550620061332,88.17950021558197,36.72289027425154,35.84401402122394,0.2103032809377729,0.0342174080260107,2.7106532442965516,8.471891866397236,0.12083722997438581,12.975077629089359
Glossodoris hikuerensis,Glossodoris_hikuerensis_img04,38.9895283479228,32.836043895927574,0.1800775450476912,0.9015506438192292,17.16960906982422,0.7273603560168944,66.52312355835343,34.00502708423241,29.19461999628307,0.0414130004443852,0.077819825993894,16.11012218443077,12.846059079452587,0.05183733728886278,1.3295984268188459
Glossodoris hikuerensis,Glossodoris_hikuerensis_img05,51.35834951828177,45.555690422675966,0.2548314797748888,0.7424697949170072,31.37162208557129,0.7810202784390463,95.56118193506688,0.8038606679019367,38.61280043429693,0.1651384220500638,0.0957139077000061,19.357497679239437,17.2189709936634,0.1859013214064258,20.330410957336426
Glossodoris hikuerensis,Glossodoris_hikuerensis_img06,51.62464686637655,54.76431935021,0.2394479176408802,0.7946692401843072,25.576032638549805,0.7465506349480622,63.26204390124091,48.17933017684142,26.34799359695893,0.4803715621733675,0.3838982078134825,9.286081769963566,14.594184896184444,0.21221620080215378,14.180901527404785
Glossodoris hikuerensis,Glossodoris_hikuerensis_img07,32.91724837976834,10.317069867756068,0.1369440832532904,0.7280422009220326,23.84713363647461,0.5972907115113568,15.09438017320089,2.4121486663574387,9.95087795028308,0.0043203968839027,0.0197142726609902,6.530062361739752,3.8678349862224213,0.010895085588565778,1.2501964569091797
Glossodoris hikuerensis,Glossodoris_hikuerensis_img08,40.85494243858359,39.959607154121294,0.1665078906119219,0.7307081468239952,17.43634033203125,0.8737536732918646,92.79679323192906,68.97740397903137,39.71247102004902,0.3075226908890413,0.0260516480656674,19.866458169306465,9.216574514630622,0.13627669949800109,6.00897216796875
Glossodoris hikuerensis,Glossodoris_hikuerensis_img09,48.170334735232025,42.03684143498853,0.2593894044274745,0.7455620381675173,24.81301498413086,0.6032530448147099,16.410697977704885,26.77674923772082,16.30377491067236,0.0757659895930011,0.122473218131506,6.197138531315289,1.525755808958678,0.1329285476367735,4.128992080688477
Goniobranchus collingwoodi,Goniobranchus_collingwoodi_img01,58.27745661800445,64.38907695750737,0.0509738861730959,1.509501515186337,29.5169620513916,1.0953135976097272,104.73662447831076,25.61300637412269,45.745298634588174,0.1909685291509892,0.0256309325648711,29.583575843546882,16.31927344996076,0.0413947933645767,19.644319534301758
Goniobranchus collingwoodi,Goniobranchus_collingwoodi_img10,62.16813156960541,76.10763952496943,0.081751848349381,1.1456591453080682,31.02966690063477,1.0495422990294976,107.11164890379014,4.3570259675401815,51.7713297828844,0.053415134313596,0.0323933045041033,34.377484170292746,32.96706923159291,0.0497622794796894,21.94935989379883
Goniobranchus collingwoodi,Goniobranchus_collingwoodi_img02,52.56654774736463,52.73048460624169,0.0320620794405816,1.5468014063592366,19.053119659423828,1.1009421860662816,107.63050971789698,31.81896912282733,43.84440623874345,0.4403260764745957,0.3105727693462958,22.049025264490115,2.3083603574822362,0.005215789102839201,4.326824188232422
Goniobranchus collingwoodi,Goniobranchus_collingwoodi_img03,56.63970752082828,47.88057532222964,0.0958743482131502,1.1744340296794886,19.75334930419922,1.0064948934209463,78.42327164064301,49.80267928600352,37.07435524981688,0.064489313646092,0.1086502655412592,9.826999671380328,16.53557488940578,0.0810582687387823,9.181648254394531
Goniobranchus collingwoodi,Goniobranchus_collingwoodi_img04,39.55002751412967,58.13149021537227,0.0452089688132158,1.0424097955991496,23.431102752685547,0.8234452177132332,72.73903171108415,27.232862608352637,34.65985148836906,0.0679319246725695,0.1701529834365964,8.266235141158525,16.53613141266201,0.052179330319589795,10.41226005554199
Goniobranchus collingwoodi,Goniobranchus_collingwoodi_img05,54.656428641636005,64.71023876438788,0.0423881080935033,1.1279976319724798,24.94875717163086,0.9775449159019944,44.65083757988846,9.960516408523148,23.05177484903462,0.0571712647936084,0.0254381777993922,2.2484049981822523,14.596507571859348,0.027799463142257903,13.756063461303711
Goniobranchus collingwoodi,Goniobranchus_collingwoodi_img06,41.99512608311127,62.776081712448594,0.0653925000293978,1.4702912051446475,29.40966796875,1.065248597586791,67.82858315218222,43.969444473911096,30.49316433331721,0.1233204996390739,0.1300970040397955,14.449873556439606,6.950698468545632,0.0496464172652355,19.91366195678711
Goniobranchus collingwoodi,Goniobranchus_collingwoodi_img07,61.55696587710623,61.07384188269269,0.0474003132597471,1.1164266479857394,17.240711212158203,0.8635105516059235,71.6389940591323,23.477556319412216,31.90069633839176,0.0784015194804059,0.0376001840661477,5.8978280977634725,11.999870463299729,0.028127706373632898,7.914111137390137
Goniobranchus collingwoodi,Goniobranchus_collingwoodi_img08,52.38566512983852,38.05293794919734,0.0390041856551151,0.8565982542918578,16.374595642089844,0.7679586986796978,111.37604046713308,26.640380258828245,46.28745278353304,0.0216132382610725,0.0781237614744921,18.42890535055252,1.566321881679336,0.0336078103507404,8.263382911682129
Goniobranchus collingwoodi,Goniobranchus_collingwoodi_img09,48.97994158272891,58.00626842858227,0.0232158106125917,1.3041492966323882,20.156991958618164,1.1179218265891335,68.32246319045292,35.7640830640065,27.31651854910077,0.1604641346164093,0.0947287026167025,5.854285299701445,1.0223420519779154,0.0144174518935397,9.359267234802246
Goniobranchus daphne,Goniobranchus_daphne_img01,56.48101908676724,65.20409399059693,0.0301022879448385,1.73480124029385,17.927595138549805,1.4470426970399577,117.05102229179047,72.37546058240366,46.536887912674985,0.7146846681486354,0.4277180698830083,24.61782068629702,29.260930639994164,0.0157957413095408,2.900901794433592
Goniobranchus daphne,Goniobranchus_daphne_img10,40.80244501178764,23.05516442938827,0.0116401697909251,1.1827162784992606,8.258382797241211,0.7384556250203532,66.56737429820133,31.88081497279036,25.49451220275207,0.3949049119558544,0.1493919464388644,17.306464938397497,9.277230288550195,0.0080967829880724,0.23115062713623047
Goniobranchus daphne,Goniobranchus_daphne_img02,42.5477909039241,66.62091726369948,0.0182839705251985,1.6993741084706244,14.696025848388672,1.4480923302552255,79.9317722181616,78.94984287165732,32.758325957804914,0.9296508381224636,0.5988762292225158,23.350645948618517,33.89346326235554,0.0115618720939374,4.099132537841797
Goniobranchus daphne,Goniobranchus_daphne_img03,52.45785591695488,65.01571751393617,0.0058799603426799,1.2141704650445089,10.852865219116213,1.0269025085469718,85.84619933483609,17.798269384898333,35.4940086890595,0.2418829718077054,0.4031536240968731,15.277475156115067,29.798888129196328,0.0026841550276848003,1.7771215438842791
Goniobranchus daphne,Goniobranchus_daphne_img04,40.00059425567812,52.334886218804144,0.0135633761032411,1.5705324279834496,7.742461204528809,1.5930791412613987,79.32563968001783,4.724887773007957,34.12130472229838,0.4469771599414556,0.6929824416316028,11.634345820585718,3.0495194580460137,0.0113936249864575,5.646094560623169
Goniobranchus daphne,Goniobranchus_daphne_img05,38.1329574072158,55.037428084815815,0.0323720865122139,0.9062375269149164,10.482316970825195,1.052003246870811,136.0229030487854,102.47623595635888,55.28839760478026,0.2626393227277727,0.3004017487822757,7.544087337625363,3.735923035898921,0.048248849800584005,2.992852210998535
Goniobranchus daphne,Goniobranchus_daphne_img06,42.62389885853198,31.160483611233783,0.0084193043102517,1.5892973170364928,7.111265659332275,1.288318663645224,68.6852631214782,11.738834625494402,27.798029918031688,0.7917449069319787,0.7349450284499764,10.922653905099999,7.125198304649732,0.0070366853070987,1.2681703567504883
Goniobranchus daphne,Goniobranchus_daphne_img07,37.62109030875115,43.11918739730374,0.0168308190998628,1.1746072013200102,9.16079044342041,1.005572475336477,76.38339679189286,8.612425160949968,29.64473076965464,0.5150296647079595,0.3063501444642504,8.721658748769048,12.026369576438718,0.015683530431376,0.4154510498046875
Goniobranchus daphne,Goniobranchus_daphne_img08,47.88727436418895,60.65955451752797,0.0695912722802704,1.4962189654935003,28.814977645874023,1.4066533323157269,88.58883410421406,86.62365247741955,36.333978118690254,0.5449672078177141,0.3178716006362723,8.62208152684913,4.8605967401304255,0.0187397929147275,7.298107147216797
Goniobranchus daphne,Goniobranchus_daphne_img09,57.56740170376616,44.2883734855676,0.0253651336233685,1.4102596649415688,12.637721061706545,1.375163517854546,76.78914264258634,26.220801039758957,32.05597136235152,0.3466064295317821,0.3040952359954181,12.36667875467164,7.929287092214054,0.0289189617153846,0.7021722793579119
Goniobranchus splendidus,Goniobranchus_splendidus_img01,69.51063311480777,66.6966665753261,0.0244921115845635,1.4537004090493175,14.07874870300293,1.2361549473745816,86.84092777507816,43.71535190846734,38.59129074861547,0.207276359483143,0.0390850850914574,14.119582152073697,19.102866530966423,0.0172061288372635,5.087747573852539
Goniobranchus splendidus,Goniobranchus_splendidus_img10,75.96698030269488,79.29030716878692,0.0689151516948901,1.4827822584667754,27.14831924438477,1.1147857967569272,41.57613758461309,10.907796315346232,17.859823201276555,0.4102803613542403,0.1422558458008491,18.28713381213651,31.445438629271564,0.06399028014271979,2.1031475067138707
Goniobranchus splendidus,Goniobranchus_splendidus_img02,45.06498765715736,57.723276144690544,0.0010006716097866,1.424029480859392,5.835175037384033,1.284082476380108,100.8951423348598,72.31263977290854,40.01558177586895,0.4608788279424101,0.5245819193659063,8.293143769072422,3.400500189614739,0.022659469787160397,3.034454822540283
Goniobranchus splendidus,Goniobranchus_splendidus_img03,53.137744372413785,66.24364388902103,0.0357676825761932,1.90507293612438,13.351766586303713,1.4644155121353464,70.48829340856132,68.0078752311769,34.53782913631317,0.6942150072166124,0.7133526586808453,13.089413374922117,2.902971515889597,0.052483532876370004,3.7400207519531232
Goniobranchus splendidus,Goniobranchus_splendidus_img04,72.08095271631998,83.02590597772331,0.0368427944443441,1.5370988063862294,17.599668502807617,1.3783899831965922,66.70390641301114,7.843678207515609,29.0132944739526,0.6305784192018258,0.4319483083730816,12.420927028819108,26.918866531258573,0.008981227162816002,1.50213623046875
Goniobranchus splendidus,Goniobranchus_splendidus_img05,54.539304400763726,59.50077903457135,0.0376823778271953,1.1964776522513072,16.629858016967773,1.2520542021955916,125.86948366719422,87.7766717407721,51.941483712673545,0.0245302004737657,0.1254807896162957,18.81675226103846,20.76902167270316,0.0161108891060847,5.621308326721191
Goniobranchus splendidus,Goniobranchus_splendidus_img06,63.00378340419292,99.3799232028036,0.0297788998438796,1.7178119777298155,16.75607681274414,1.4165382851015538,63.57097916192083,10.647213371822232,29.40453478944874,0.708827305763658,0.63447031951531,19.855238893984186,31.616371506326786,0.014149329794157499,5.665065765380861
Goniobranchus splendidus,Goniobranchus_splendidus_img07,44.742225524933005,74.00880590540314,0.0131100700829348,1.5139936699847645,12.290478706359863,1.7301091964997717,68.65700153752478,33.581904288106074,27.263855712249825,0.3065578263804001,0.5143859627082543,11.820205516601582,30.483913213226643,0.0050132833343958,4.655714511871338
Goniobranchus splendidus,Goniobranchus_splendidus_img08,51.46070882507707,40.31101669148626,0.0917903150376259,1.4607671474151378,28.369525909423828,1.022664346345339,39.85379081637339,9.522543441183096,15.335745537702367,0.7181816701557838,0.4136000232133116,16.685606092594703,17.824818005409384,0.10806187076482039,7.231515884399418
Goniobranchus splendidus,Goniobranchus_splendidus_img09,39.80169047114069,43.85427552457532,0.0292505935227629,1.884148669565045,16.408403396606445,1.8017129215624483,56.26060400388712,19.43973643450866,22.327872352813294,0.9395191980076344,0.8508122047592026,8.76546560232055,15.978759997010652,0.049138824878326305,4.125112533569336
Goniobranchus tasmaniensis,Goniobranchus_tasmaniensis_img01,48.91443373305189,79.58257458890432,0.0110293032726414,1.5263322436089848,20.02779006958008,1.3146991570741111,25.58198448795696,18.03768582909241,15.486075742727518,0.2218968071208369,0.4386624828381862,4.1958081348808705,42.46236485957379,0.0031681786085414002,8.588036537170414
Goniobranchus tasmaniensis,Goniobranchus_tasmaniensis_img10,33.06395765853594,32.59714347036911,0.0050548380364968,1.326697014529039,11.047067642211914,1.4762720687449336,170.18599181948483,144.61289702350504,68.38588924732451,0.035228236985648,0.5062428446766877,3.48392727491634,22.59055953423662,0.0006208255666700999,3.8527565002441406
Goniobranchus tasmaniensis,Goniobranchus_tasmaniensis_img02,21.35998900878396,21.805508071456195,0.0080244101512821,1.143885513636793,6.932835102081299,1.422123720760875,63.41742192634607,143.77691032551525,40.59430568489753,0.1068739831169278,0.6447756851114038,20.922739945686384,30.879734133584783,0.027977191117415402,2.092562198638918
Goniobranchus tasmaniensis,Goniobranchus_tasmaniensis_img03,37.79917523065699,71.02058498149769,0.0325099342809108,1.7497101173243044,14.330245971679688,1.5875118591658175,100.53385775632324,60.7679735561055,41.616988896794936,0.4753021797852284,0.520717135595401,7.169973224289144,46.37619499772093,0.0137905250585964,4.6850385665893555
Goniobranchus tasmaniensis,Goniobranchus_tasmaniensis_img04,46.253653749369086,29.26489817156358,0.0092319559443836,1.7693965993450906,8.73220157623291,1.1322574419991662,160.3281244927818,69.08546449702612,66.84936876163508,0.0759091319048228,0.0727788166851737,31.109905052327406,26.40135889328314,0.0037996929025287006,4.043825149536133
Goniobranchus tasmaniensis,Goniobranchus_tasmaniensis_img05,46.38651952887718,80.27014498654647,0.0373890088792896,1.3379800282505738,21.1069450378418,1.3958723375261315,103.29063960945008,12.992915681768793,43.60125753377964,0.085332912184707,0.1416784240753978,9.922218929081197,35.88506238860954,0.007609972960433399,3.2081279754638707
Goniobranchus tasmaniensis,Goniobranchus_tasmaniensis_img06,45.470886984422194,68.52010673762868,0.0052897501354303,0.9284203015330676,9.969891548156738,1.0348010735218198,92.96836675834136,30.646105968793734,44.70576458035016,0.2943707274562973,0.1391404816359673,3.069074226950711,34.485161898490446,0.0028546249726952,3.9546713829040527
Goniobranchus tasmaniensis,Goniobranchus_tasmaniensis_img07,43.28079775333392,94.12974727507834,0.0305655307396933,1.3654504332769395,19.65419006347656,1.9709160774717267,97.9605659287279,30.70322164093565,39.71684032571663,0.1874611146310238,0.5375564759626017,9.672167347856487,35.24453857939929,0.0171748225106099,12.2715048789978
Goniobranchus tasmaniensis,Goniobranchus_tasmaniensis_img08,43.77813415694354,76.80324500910697,0.0242153258137554,1.5410682316430364,19.336639404296875,1.5892934363178104,131.45567137831424,119.48548645568452,55.906883041734105,0.532811559865388,0.3212418916533162,27.879808816812435,13.693210789983311,0.0134337245367042,11.436031341552734
Goniobranchus tasmaniensis,Goniobranchus_tasmaniensis_img09,39.6251609199618,54.35502223438984,0.0037168288900764,1.3035601482423225,13.827783584594728,1.6733746764194748,148.00042677465595,70.47660406112016,61.27603797403975,0.0841740030927873,0.2108591369064645,28.889887935211476,34.96446568421886,0.0010516876042419997,6.288540840148928
Goniobranchus tinctorius,Goniobranchus_tinctorius_img01,53.873792411771454,67.26001594410542,0.0650917787995999,1.1271558871609788,20.64970016479492,0.7398698919953928,56.63511425335986,10.10784492894672,30.57214285752351,0.3212156436076201,0.0974107438333444,1.7324337861053039,25.506937972175876,0.0257171806532233,11.367409706115719
Goniobranchus tinctorius,Goniobranchus_tinctorius_img02,44.7527693308122,76.61598041222231,0.0806580176733279,1.0241423428179306,19.37761878967285,0.801195202143265,18.75699277742234,42.196849887848856,10.821509338280531,0.2279932945112852,0.347136065174214,12.988547985257632,6.296443523978709,0.0029857386504873046,2.8800106048583984
Goniobranchus tinctorius,Goniobranchus_tinctorius_img03,49.016447469952446,65.73787331568026,0.1655264930337153,1.0837322024822025,68.34859466552734,0.8439388376760755,83.71222473201988,86.7933961253338,35.202841798974404,0.0359628290036948,0.071317822692134,10.977230677813353,11.167477700685978,0.1088857756975665,47.57560920715332
Goniobranchus tinctorius,Goniobranchus_tinctorius_img04,30.30419109294864,45.574685665378375,0.0938733377861436,1.2425972770274012,22.22192001342773,0.7614051224108177,51.56423008773493,22.333814776061097,21.88644293644022,0.0102555389765568,0.1303709267330569,2.1040418496565785,6.261407940317916,0.0683672191921883,11.620474815368649
Goniobranchus tinctorius,Goniobranchus_tinctorius_img05,37.66966203724483,45.988641997213406,0.0530077664332841,0.8889189625540748,23.62299919128418,0.6760627052087341,26.785969836334203,48.649748690429085,22.64854378144069,0.1966024356360656,0.0046327010556803,0.2588093156250153,11.023866725593514,0.0469875996213832,11.8222074508667
Goniobranchus tinctorius,Goniobranchus_tinctorius_img06,48.61601724375751,52.6588239007714,0.1147397440194824,0.9505516557622804,18.394081115722656,0.8933533019570302,96.89584557879805,29.45047224311081,41.53521705914805,0.7004978399268323,0.6266727966988715,21.914984981360448,11.82949333119052,0.08150362190421132,11.870759010314941
Goniobranchus tinctorius,Goniobranchus_tinctorius_img07,64.79321584469348,69.44570532285968,0.1179814640590908,1.110341838053811,26.538803100585938,1.0368861495808244,86.54982949812428,28.517126142953146,34.89417483293626,0.1056153890220428,0.0380164721586936,10.74123638476734,24.226591634792094,0.053145917948573096,10.57986354827881
Goniobranchus tinctorius,Goniobranchus_tinctorius_img08,53.087763270695866,35.42061320240125,0.0655275210430764,1.0579321826386925,10.97373104095459,0.8232362089482637,83.94774775955997,5.584489039422536,34.155758412542106,0.2697608464306222,0.1700443199123232,8.383858092611383,11.067741562797426,0.043858215773710796,4.381414890289307
Goniobranchus tinctorius,Goniobranchus_tinctorius_img09,58.64401317089124,70.2191664901283,0.2200886972553093,0.7673431639237296,47.54937362670898,0.7323584373671006,55.87576441774162,18.526251531043517,32.19479120902227,0.1267503419168988,0.005361899094984,9.346493407879237,19.213077677969068,0.06626501087167411,23.440944671630852
Halgerda aurantiomaculata,Halgerda_aurantiomaculata_img01,36.52144266453629,72.62046645169005,0.0182401407669384,1.7501310246446555,20.93841552734375,1.2333350337409452,47.79316023523123,16.966625252762356,24.952064446040247,0.6133710536230799,0.2799191756052154,27.291923099643903,1.7184240231107282,0.0880788315377079,5.041187286376953
Halgerda aurantiomaculata,Halgerda_aurantiomaculata_img10,33.98540280136179,67.26677750608374,0.0156269887287692,1.096778866898083,20.62950897216797,1.1974475499001276,38.58363203498627,16.65233609837422,20.32288873970201,0.3520876584659584,0.120878875656482,24.198021321021294,5.156216645117084,0.1053780854023049,0.6235141754150391
Halgerda aurantiomaculata,Halgerda_aurantiomaculata_img02,27.12251739563624,101.76585116987032,0.0439204291461779,1.577080491402007,28.990198135375977,1.7681320736803938,52.07554771662585,43.36812520731311,24.07623631947908,0.6639224203158895,0.8990925131573944,25.554791764491792,26.39440487824818,0.0642101343035719,17.73295783996582
Halgerda aurantiomaculata,Halgerda_aurantiomaculata_img03,33.221738681642115,66.73058667553744,0.0007934601725883,0.9842353144383232,29.037681579589844,1.0106600662580691,7.870524892223671,64.60770737389927,14.495050981250513,0.1294374347142021,0.080783417776852,1.5455520992656488,27.04644415294507,0.0214502497590572,14.18953800201416
Halgerda aurantiomaculata,Halgerda_aurantiomaculata_img04,20.65141252169297,73.69499259371744,0.0084902932466522,1.7677253771773564,24.94417762756348,1.227136581904801,2.5300349313856145,4.706321788213387,3.429586022813468,0.7025985577523959,0.3356336695680563,27.216370804720235,16.25429377736249,0.0763719141680331,5.713626861572266
Halgerda aurantiomaculata,Halgerda_aurantiomaculata_img05,53.106366927214566,85.02587981836301,0.0045692203926182,1.17629370616616,30.33317756652832,1.5630764165547562,110.25302726946816,52.646917320073655,49.406619806326646,0.4528036793242689,0.3185118499861818,5.096440065021206,12.904102795143046,0.0700672924031257,6.553314208984375
Halgerda aurantiomaculata,Halgerda_aurantiomaculata_img06,25.81245309519244,70.13184019948183,0.0015578267305532,0.9900166138973256,17.878576278686523,1.096740787855324,67.87065952757858,50.29146938596279,26.850844647245275,0.0232795279486274,0.3770590066562187,25.894180744802703,1.1823581388706685,0.0782468408906264,4.211450576782227
Halgerda aurantiomaculata,Halgerda_aurantiomaculata_img07,36.47244308500154,100.63951630793964,0.0210327234809995,1.6223946159703515,20.1395263671875,1.932694201826855,70.77769033259939,47.888098925354655,28.862651353761944,0.4977934841486202,0.7434178625732342,16.183270380474852,30.872984341590225,0.0344341972922104,12.653678894042969
Halgerda aurantiomaculata,Halgerda_aurantiomaculata_img08,27.553207767011862,36.75979025219986,0.0122043158142085,1.236962485669083,21.483741760253903,0.982378475643991,118.48247710102292,17.264989208821532,48.53369521118793,0.1415399128261054,0.0453241220689911,6.881854817987488,4.204550071002046,0.0426364581073453,7.385901451110836
Halgerda aurantiomaculata,Halgerda_aurantiomaculata_img09,42.24943290550838,102.76658037116924,0.0205108671523419,0.9486048439106266,18.931190490722656,1.891317384213184,38.21891071885239,13.270873687838131,22.575373611209624,0.0230575580891171,0.4112888149242371,2.574641424678049,51.97059525492688,0.00030347173362699903,8.908848762512207
Hypselodoris bennetti,Hypselodoris_bennetti_img01,51.1917362992843,42.20881494970322,0.0116732067135063,1.3366763149303134,11.55234146118164,1.3999956082086211,83.56023504191744,37.37933522589916,48.10819567083135,0.346488477981306,0.4465953053928666,3.369431635759696,3.5530462894946098,0.017882458209999,2.1867895126342773
Hypselodoris bennetti,Hypselodoris_bennetti_img10,80.2615165461298,88.68814390769347,0.013164595399034,1.4980569252161409,14.958974838256836,1.54073826335991,96.85014009639472,73.37391466679375,40.043705237243856,0.4414742917112797,0.1371042830693802,23.64979196980118,7.75709353130101,0.0060998079592027,1.6917552947998047
Hypselodoris bennetti,Hypselodoris_bennetti_img02,33.43814106374814,29.70814194601924,0.0062567010891033,1.0273022467533526,14.315271377563477,1.3304936161991652,48.43877441035174,67.0905363906998,34.648588558818865,0.0953185806645116,0.6485495368422111,0.27176254253041776,3.51302275411787,7.647971566329941e-05,7.766680717468262
Hypselodoris bennetti,Hypselodoris_bennetti_img03,44.869862836825945,66.36632443532388,0.0496684448395939,1.477415407813748,35.5083122253418,1.4898010816378646,58.85647973100187,6.312489974656259,26.78515963142013,0.3725405170005611,0.6873063052633752,1.3482567695743626,16.275991701160088,0.0285210754679949,23.363337516784668
Hypselodoris bennetti,Hypselodoris_bennetti_img04,41.82705716774446,45.56461164130264,0.0655569568322367,0.9440561941977024,16.661184310913086,0.8520954558989036,55.26614502539714,61.5108452368501,22.954533644592225,0.1090830067819054,0.3854624358949217,11.936486448929962,25.587144450429555,0.06463641064926631,19.249990463256836
Hypselodoris bennetti,Hypselodoris_bennetti_img05,71.58573377247784,45.45251499071557,0.0108477715353482,1.5092752884753418,17.083297729492188,1.3113752946441093,58.45039769342564,40.00116100513887,27.975675486713385,0.4665807165796964,0.5321353561655597,19.73046832412031,1.806636016820022,0.021542505126797395,6.205590248107912
Hypselodoris bennetti,Hypselodoris_bennetti_img06,42.85224233657333,56.290215316218266,0.0311917731507407,1.4379202472004802,22.29423141479492,1.266524265784485,64.21474776949518,5.859865855996247,29.46302353788564,0.5185014896890752,0.5881134145739043,5.394432072079269,18.79905534836049,0.006082161148329702,3.401317596435547
Hypselodoris bennetti,Hypselodoris_bennetti_img07,59.44672818764709,66.05495408718502,0.0207389288259672,1.7092737605817374,22.94836807250977,1.802386956830348,102.12434991992656,47.6680939343742,51.37812687971833,0.5148827349267193,0.6319260543795222,5.523559874644256,16.246119005616208,0.0357022819686656,2.6036586761474645
Hypselodoris bennetti,Hypselodoris_bennetti_img08,38.44299774792276,40.7662553318067,0.0134566397164691,1.3359363211563908,12.444929122924805,1.2866771284070582,51.86604305147182,43.86231188666176,41.21879338605897,0.4152355962056142,0.5325113565882371,18.975794501927076,12.47570095785607,0.0240198920706418,5.513184547424316
Hypselodoris bennetti,Hypselodoris_bennetti_img09,43.53505126632635,60.36072113658653,0.0451290301689611,1.163599585649208,23.516939163208008,1.4130168669035104,97.85844261087465,104.02300193138188,46.93993623634193,0.0552980153355835,0.547665781922535,10.16451563914535,8.389152759679632,0.016137908716155204,11.338260650634766
Hypselodoris obscura,Hypselodoris_obscura_img01,58.38092725260806,64.13462081490921,0.0863999429467978,1.2141779834850277,35.239524841308594,0.9298630739037198,13.848559791100662,4.429925470052808,21.57641557686504,0.2844509158319008,0.01353729429363,17.267012655016714,1.7507552101795625,0.007230196817842302,19.532023429870605
Hypselodoris obscura,Hypselodoris_obscura_img10,28.31137878091284,62.57150464069016,0.0078789831600725,1.302364088383668,16.341217041015625,1.1463036375588502,29.430547510402462,98.29341933264872,16.339026447727743,0.2221095690913659,0.4050748607920565,10.391208123350935,14.62754684072167,0.0174942233789038,2.945021629333498
Hypselodoris obscura,Hypselodoris_obscura_img02,38.90240216361825,62.02404511442348,0.0125898210404365,1.200189860192049,18.543174743652344,1.2798596044996668,25.775816835508152,10.025066141907049,20.36221819148895,0.2480605700394882,0.4117575136955897,15.680958591518685,36.23191392766634,0.006274798238486601,4.439742088317871
Hypselodoris obscura,Hypselodoris_obscura_img03,42.968452573770215,55.12231138978196,0.0219163465642338,1.20766622969724,21.551576614379883,1.3111174006235644,28.490430520967934,8.600412722942622,22.790129252816783,0.104471607130828,0.1499544737961855,11.781281151159796,21.534242852025173,0.014551121507917299,9.733242034912111
Hypselodoris obscura,Hypselodoris_obscura_img04,20.86310677360608,60.29104551835011,0.0021847292827062,0.8447256402103162,12.028162002563477,1.008722260130116,37.52509620508438,62.45964808644767,19.85214073322268,0.1082336220665405,0.3236733620918932,11.062032813373474,5.25591070338902,0.0005350925826308,2.924107551574707
Hypselodoris obscura,Hypselodoris_obscura_img05,77.67467817551668,73.82468086564835,0.0639181165339738,1.152946007533427,31.86208724975586,0.9023287763896962,5.264509542668804,28.718528700824493,24.604068309168174,0.0862697637178377,0.0338145529469938,22.444997842958315,1.1736654476138142,0.005059153552551099,14.45751953125
Hypselodoris obscura,Hypselodoris_obscura_img06,80.70187039255586,63.080279643107424,0.028387252451783,1.1345548239004053,22.055509567260746,0.8976512956050531,23.903157540130778,21.454140533535423,28.9299015171581,0.0047607510868488,0.0907421088409919,11.743648613511638,3.8260144828289526,0.0027152159045361023,10.286583900451664
Hypselodoris obscura,Hypselodoris_obscura_img07,62.332834419635546,70.76109141137191,0.054643841225226,0.9924113082185289,29.76922416687012,0.9468900725394416,0.1192653449176646,105.36244367864568,30.503366296515956,0.2060188953345769,0.0246003362223851,16.949138248221566,32.5372460200265,0.013068093218594604,20.51776790618897
Hypselodoris obscura,Hypselodoris_obscura_img08,64.8736084376461,51.79964969961068,0.12845176730486,1.1336283741591289,29.27908134460449,0.6936664853282309,67.14607502161503,3.3258766798198423,35.90259895822094,0.3428146135314591,0.1899872832835403,15.454259142470868,17.284812784095315,0.12126720454705892,17.123188018798825
Hypselodoris obscura,Hypselodoris_obscura_img09,34.317232675066265,53.59353053912304,0.0169094963863211,1.275838531578843,15.709060668945312,1.1750414517988672,81.35134959104349,94.11491293609213,37.64456112858794,0.1103442847679623,0.4649565504464213,8.834705296054636,34.17739997915206,0.0086662094584625,10.634111404418945
Hypselodoris tryoni,Hypselodoris_tryoni_img01,54.873280357309575,34.227169012425655,0.0293631058447681,2.0663803991682506,8.60092544555664,1.170602737149956,99.03273388107446,67.49382153058718,38.67486129048344,0.7872889530754981,0.3284853293193801,0.8250159214784176,16.548561824536264,0.0187987243793512,2.3787617683410645
Hypselodoris tryoni,Hypselodoris_tryoni_img10,63.08320968722748,55.35367712490971,0.0538081602351408,1.551302350023654,17.863588333129883,1.2743616176747727,36.94500849066311,90.78015937831849,19.240682951732648,0.4009316691833353,0.0942916934336932,25.299791632540533,25.721156317561693,0.049347278300574705,7.280245780944822
Hypselodoris tryoni,Hypselodoris_tryoni_img02,58.14385696636624,37.77038441212903,0.0320173318293316,1.6029812686637397,15.225082397460938,1.5675705132637998,122.70865838756929,37.55053303880496,54.983861906129285,0.125429934330453,0.4725287274948015,28.448708649437442,6.543488718793704,0.0062729263246359,3.6523656845092773
Hypselodoris tryoni,Hypselodoris_tryoni_img03,58.32533652309402,58.66322290980965,0.021334909716251,1.3289838374483185,14.017181396484377,1.2010348290388948,66.91432213678063,105.27145068084656,35.406535813299584,0.4941096843678426,0.5108352708159949,19.426381805468573,8.616034631115873,0.1284152929149784,6.400882720947264
Hypselodoris tryoni,Hypselodoris_tryoni_img04,68.62431041506525,55.96043267141458,0.0352103023231712,2.080807837672528,14.587084770202637,1.2811766887968992,104.61865434301448,104.138952127383,44.41377703525961,0.2684266967690414,0.1342876054251873,45.024166472746636,5.320574876110861,0.023473458384885498,8.588048458099365
Hypselodoris tryoni,Hypselodoris_tryoni_img05,59.87403157903305,52.787242823734815,0.0631714848307639,1.532700913118793,22.75619506835937,1.1460976631910684,73.8697356623388,60.800421123186666,29.36902481599906,0.6727674505540271,0.3007706507268529,17.403809398071502,13.270920460651013,0.0572408723918128,0.46903419494628196
Hypselodoris tryoni,Hypselodoris_tryoni_img06,62.56410218032531,69.16720464503801,0.0328658450205411,1.5616823268247533,22.001888275146484,1.6904389178077843,54.30892402514222,7.566991858855246,23.871090726269927,0.4799886834813875,0.6128736976403637,1.4267785086472244,6.726334052361629,0.0629216173032702,2.8516311645507812
Hypselodoris tryoni,Hypselodoris_tryoni_img07,64.9961525413404,58.08589852438734,0.0186203318176357,1.3712464718008988,12.901809692382812,1.2264747502462945,49.12952690773346,38.69234915421026,20.520287784664323,0.3300698048037169,0.2509781170899221,15.476038065921884,12.98163069695078,0.0030434488302940998,0.18749713897705078
Hypselodoris tryoni,Hypselodoris_tryoni_img08,72.99003697094865,50.38635124832781,0.0262839103521066,2.073564598394645,12.476096153259276,1.2475879510492744,27.5288146420627,10.984242039029084,12.62983004318109,0.5511884296167786,0.2028284905254336,17.16038542375523,14.928870694414528,0.036532067957511294,0.5036401748657244
Hypselodoris tryoni,Hypselodoris_tryoni_img09,49.32142999535402,28.974609755826005,0.0307559719408917,1.7882601107745066,18.404525756835938,1.5694370518314749,95.462111018202,5.1221576627590935,37.62304264932575,0.9628906018735428,0.6140324535525408,21.082035028017593,6.051085564558534,0.0334424391154043,8.85455322265625
Mexichromis festiva,Mexichromis_festiva_img01,39.26732754924114,35.524272135197045,0.0046849093512959,1.538023070570054,7.274111747741699,1.177491481763455,95.78489367706068,60.78900100481776,37.90712125454693,0.5179807446972609,0.4127433704297402,22.58575054837916,29.045588421919497,0.0230511952483811,4.056117057800293
Mexichromis festiva,Mexichromis_festiva_img10,55.74365129632055,60.501407780757845,0.0237285645320403,1.2480419714530286,19.313825607299805,1.274692679947782,111.03565797815556,87.85028519096613,48.888645244451375,0.1516400727251639,0.328138307859218,13.960733383944827,0.7870408408338321,0.030012875405382,2.364156723022461
Mexichromis festiva,Mexichromis_festiva_img02,39.6339278095668,42.768811284383474,0.0019635649612741,1.0930819531688891,12.734441757202148,1.2159912019968502,99.2392692403449,14.999090796418784,44.45342578120617,0.2085792159509899,0.5914426117260846,17.310237404262033,3.8372251132644095,0.0101922856753681,0.32336902618408203
Mexichromis festiva,Mexichromis_festiva_img03,46.15233942087482,32.75866707491143,0.00328207149005,1.272462699637165,7.871672630310059,1.3700814885110295,117.27402994996696,20.59857847794723,48.587142447946974,0.4710142311648557,0.5516591934888516,20.341040880064835,8.407683972895544,0.0031747893904608996,1.637852668762207
Mexichromis festiva,Mexichromis_festiva_img04,44.61954933330717,41.4721532073441,0.0290575032696283,1.527962921004988,13.155970573425291,1.193811469126392,106.7782001554928,78.12562562996906,48.7921852052388,0.2281755183527007,0.31566649552533,16.507603291482187,14.606206559035783,0.0012236858436517999,2.2704601287841797
Mexichromis festiva,Mexichromis_festiva_img05,47.29866054448871,53.85385845333192,0.0107632865478631,1.297683454093993,12.058368682861328,1.5458575356315931,121.76986376962276,101.6032659565334,53.36969376922082,0.365961365928556,0.8141056605063859,19.024474465959788,7.297925726790282,0.0031021063602205984,0.6427593231201154
Mexichromis festiva,Mexichromis_festiva_img06,38.28505294355507,42.23288343154498,0.0140190113595361,1.5507885469712048,12.429210662841797,1.4474606405967878,101.0542387667358,119.858043872741,47.79144167446548,0.6602602463275318,0.6753441338731709,5.020528151898702,24.24570493629686,0.0492664247428426,11.822219848632812
Mexichromis festiva,Mexichromis_festiva_img07,52.33643925477473,51.42027577240881,0.0154888706129353,1.4407332194253943,11.533903121948242,1.3239849203426377,54.14302949418263,39.094419232945455,23.56333325016981,0.2841599292065184,0.4014986766655976,11.715720045478307,7.6642320991761395,0.0016597632069559002,0.6264572143554705
Mexichromis festiva,Mexichromis_festiva_img08,56.15668219867957,56.73100153843526,0.0328813032670454,0.8626596043656071,17.81183624267578,0.7560015321465944,124.46024712310636,65.91429067377021,51.335250178915125,0.2141174409139307,0.0634264326826018,29.152191487429832,11.17465971207384,0.010299292576684396,2.557351112365721
Mexichromis festiva,Mexichromis_festiva_img09,35.47841329458938,56.32297215762694,0.004752746143284,1.150252831290376,6.740328788757324,0.9098642749945632,75.27368852053674,118.05043877841922,32.4018990752893,0.3426499570288426,0.1639481639800093,7.531968125938455,29.099041398037127,0.0021458652837668,2.2365732192993164
Notodoris (=Aegires) gardineri,Notodoris_Aegires_gardineri_img01,52.92113253339938,54.55878345163107,0.0315550876954683,1.510762820135899,19.236703872680664,1.57638757857387,13.212238042490796,84.98730742041309,31.451802682552376,0.3340322467395835,0.3490970714307591,18.046369189098066,9.926019674531034,0.018777553335215205,2.9449920654296875
Notodoris (=Aegires) gardineri,Notodoris_Aegires_gardineri_img10,66.6177153971396,35.693641195347844,0.032762209029959,1.5879264148023522,18.427431106567383,1.2109875491666169,56.356378713160495,20.974232435643245,44.240898072060666,0.0340952934162885,0.1751900559485089,35.278836207070185,12.724036451558398,0.0209211217008023,9.641450881958008
Notodoris (=Aegires) gardineri,Notodoris_Aegires_gardineri_img02,83.49310537148173,42.06891059343899,0.0562574466650181,1.771551299275837,29.28028106689453,1.2686023984939383,11.63741066570526,86.64094503913545,41.56980872599041,0.7102843660057707,0.473362182684741,20.571993524865995,10.69845984376083,0.0367790526023323,10.20336532592773
Notodoris (=Aegires) gardineri,Notodoris_Aegires_gardineri_img03,61.50105902770292,72.51291592995206,0.0583845303466898,1.3059091143214718,28.65465545654297,1.0924303408334206,7.690904639089169,30.209877730700228,16.153696326730866,0.2892857956216375,0.1115527384021388,4.730410167273504,27.183685463002533,0.009509620409318,6.4483489990234375
Notodoris (=Aegires) gardineri,Notodoris_Aegires_gardineri_img04,85.16734510747453,34.246696849613286,0.031885769282095,2.3563255583474985,16.85772705078125,1.711590934188279,55.75719455986828,102.55194618598732,43.32552781828651,1.0170896343334312,0.7143787222697473,37.579360614092074,26.313933939167114,0.09672637568594131,4.343050003051758
Notodoris (=Aegires) gardineri,Notodoris_Aegires_gardineri_img05,48.23232131547376,47.06001012398219,0.0507076974036232,1.4817809185986108,22.52875328063965,1.43927298310849,93.89340104566028,158.48401796075575,42.37148073422772,0.4995463541651058,0.2628572510341234,1.8758585808727162,4.696365302421988,0.029480211403926,6.381156921386719
Notodoris (=Aegires) gardineri,Notodoris_Aegires_gardineri_img06,59.40041875933093,36.53029333899385,0.0552672435655567,1.3650135961127765,24.836877822875977,1.130032253142203,51.66584837896745,50.580735758076685,63.79112969588449,0.3913220311283685,0.296526779211425,29.24228788285117,4.883111399480782,0.011783490592288497,8.513927459716797
Notodoris (=Aegires) gardineri,Notodoris_Aegires_gardineri_img07,36.72231453640586,40.96951350303444,0.0589169950425829,1.3281182420351798,24.54422950744629,1.2043329917949184,24.455474173196198,12.2030928206554,29.77809153946867,0.1655424933869844,0.240891734572661,4.495914300092181,3.6156699726931762,0.022901206687054206,10.746023178100586
Notodoris (=Aegires) gardineri,Notodoris_Aegires_gardineri_img08,73.60305096389037,41.17871598699916,0.0341976780304941,1.7454930263808943,22.64599609375,1.3433662729899307,40.023041296691865,97.41839688164244,39.15225622491865,0.4621200261170715,0.4850047512054187,35.515754218188796,29.341859397204722,0.014054093175419502,8.968244552612305
Notodoris (=Aegires) gardineri,Notodoris_Aegires_gardineri_img09,39.11271653915067,29.8862951767457,0.048863627292104,1.855678999432524,23.720638275146484,1.5406592848149705,54.42073159133602,131.007291641214,25.30419512172181,0.9818841485183368,0.8603574408016466,10.974939412345819,38.327559652321895,0.1573468461660755,9.814735412597656
Phyllidia coelestis,Phyllidia_coelestis_img01,41.188550433730086,58.47828020938655,0.0437282207227783,1.3461034345022207,12.122514724731444,1.070925040542418,8.506188417839084,29.56293043837708,11.656080360060905,0.1493299681621276,0.2532797021598241,4.382161909794796,15.520108389729266,0.0361511373489345,6.016846179962156
Phyllidia coelestis,Phyllidia_coelestis_img10,61.9278253506709,69.71394128979415,0.101293488681974,1.3095148356575648,27.580720901489254,1.119279132346411,75.76280755960315,63.49119912545831,29.3197716693742,0.2284689274485329,0.2180034526494402,30.86056437217876,44.10033662490089,0.0663695812679268,9.449182510375973
Phyllidia coelestis,Phyllidia_coelestis_img02,77.92933943828471,66.40107174634308,0.0725603005499192,1.50330002685636,27.70064353942871,0.9902260637611148,54.47351453400054,43.81827568861056,27.104515607490917,0.5648004235421744,0.2633378076007263,11.95813591097496,9.566695598382715,0.0948688084755663,12.607802391052246
Phyllidia coelestis,Phyllidia_coelestis_img03,43.180090496116776,49.52199754278656,0.0373319109788799,1.2748903470174802,10.092535972595217,0.9326218386057138,10.093615798924148,47.7041444918687,21.978910858859336,0.07131291438517,0.1102826002546594,13.237790423448189,8.189037297325555,0.029522154066512197,4.0702743530273455
Phyllidia coelestis,Phyllidia_coelestis_img04,67.19058579235222,55.48242889612912,0.0499517045156277,1.2191128535632616,23.53832054138184,0.940965940863598,17.138545562796736,63.46153827906565,15.236487148657178,0.3802593158909972,0.2990526887756006,18.348268181230623,10.520511599469799,0.0138864806403401,11.27299308776856
Phyllidia coelestis,Phyllidia_coelestis_img05,55.62284538281029,76.17279608536502,0.1666242696144181,1.108829269051059,26.95918273925781,0.9057207053215508,12.933956271486268,23.38333546292222,26.50384001901264,0.162936606941514,0.1394816118770464,9.836552824711994,24.555020471165342,0.1284712245349873,11.093874931335446
Phyllidia coelestis,Phyllidia_coelestis_img06,54.62486538090192,53.46092399832956,0.0969500863183117,1.0082675361153162,12.127737998962402,1.1141451247183365,36.693340269774566,3.722687881151757,22.744298077159293,0.2335543309521495,0.2044103065372009,8.400652345053203,2.163834897780788,0.0614402705744006,2.521944999694824
Phyllidia coelestis,Phyllidia_coelestis_img07,54.32739714745815,57.42505098522394,0.1154991522825808,0.8885665287328548,17.323789596557617,1.1809708725036898,10.299893693943645,57.91341676678461,28.81540501804121,0.0424916785488331,0.2412262151553698,9.022099372541042,13.390497421254189,0.07147861712061,3.272134780883789
Phyllidia coelestis,Phyllidia_coelestis_img08,64.05004063082325,70.71925967777263,0.2420425931458324,0.6918672932023507,20.246660232543945,1.275634825584468,37.94482605877339,44.52974876531097,26.05426730391192,0.0208550414092871,0.3882819910494987,6.555088625966249,20.85223839308034,0.01970446076290089,5.738271713256836
Phyllidia coelestis,Phyllidia_coelestis_img09,81.35329227665069,68.84516525786522,0.1073865688753474,1.4281060669800023,18.299156188964844,1.1454677847510972,48.01166419403316,19.651402710322277,30.94361039119709,0.1823640464020397,0.2821414095324945,22.44437264325863,8.080627087776755,0.030275588067635792,5.146489143371582
Phyllidia elegans,Phyllidia_elegans_img01,38.85030026711885,11.32058201771923,0.0326787567597094,0.7674460714248305,8.006998062133789,0.7849973070336564,27.423562925702896,10.67612848956471,14.553531059217844,0.252722305919567,0.3413230549704085,3.2830609484873605,1.8125574512540172,0.029722686804656503,4.71659517288208
Phyllidia elegans,Phyllidia_elegans_img10,51.822275879589625,35.70531234635298,0.0972818391008053,1.03871596514314,13.31190299987793,1.1873123998194082,15.610305096316509,15.09736466060803,12.20146836817222,0.21397126233891,0.1853086691893535,10.659538708954102,11.051812751950873,0.026172059010379098,3.9071435928344744
Phyllidia elegans,Phyllidia_elegans_img02,66.93029275182153,36.21061428472901,0.0395088785982773,1.2641313010337552,8.654428482055664,0.8971233167445856,4.462993659578899,81.19587154843938,19.931355939944424,0.2995717535772068,0.2440438069229806,22.805059086432856,6.146380241597882,0.006203752212952197,2.475375175476074
Phyllidia elegans,Phyllidia_elegans_img03,55.06887610230812,60.26902050451571,0.0278173823444838,1.0768587694119236,13.221620559692385,1.114273470748508,60.6978938337805,86.22339240289573,30.315186696706935,0.2429027706968309,0.0736194782031751,14.836624470150348,10.823124968863688,0.004852678827909299,2.190486907958986
Phyllidia elegans,Phyllidia_elegans_img04,45.43795425357456,43.71060593678386,0.0128596171236761,0.8300171087551023,7.592347145080566,0.9896743599827814,7.375934283977997,75.13083454416443,13.072315591461722,0.111155785587244,0.0941682282600911,0.6371292025251734,2.988421419533509,0.0549584374271566,4.711494445800781
Phyllidia elegans,Phyllidia_elegans_img05,56.7864152416233,18.59874703520236,0.0230912854850531,0.9263284882784364,13.271181106567385,0.8879950634679525,42.63898733992602,92.12932344375297,28.11560283238529,0.0719036501129303,0.0074792602259037,28.27389286951237,14.173290344114125,0.041320261389181406,14.235290527343748
Phyllidia elegans,Phyllidia_elegans_img06,41.293146821082814,42.02065362608195,0.0193124773338932,1.0607288941739192,12.612317085266112,1.0903767440583811,76.0326391642539,105.3552245968988,38.85917999064959,0.0139027284093773,0.0179042147894854,8.736821375661798,7.014699743546643,0.011985231556053,0.4734487533569318
Phyllidia elegans,Phyllidia_elegans_img07,60.95744443572569,53.34610153046719,0.1639601503485019,1.0658174102333269,37.0051383972168,0.8587609625103407,23.009832875055626,51.727892093914406,20.02231664636768,0.1682334013482272,0.0362597921958449,14.267086911247006,4.341068568170307,0.011342852146212917,15.365808486938477
Phyllidia elegans,Phyllidia_elegans_img08,59.69563260393081,38.15281001058995,0.0604332473937899,0.9206002184318816,10.86575412750244,1.4204323509165566,62.224498015869706,83.83046708170393,28.55721940810092,0.4855685103209834,0.2372361531127171,3.3470218718414984,25.18741735602356,0.003089620634068202,0.6522836685180629
Phyllidia elegans,Phyllidia_elegans_img09,52.22516456750783,26.98028417645489,0.0358662837469615,0.9856331455312412,7.583704471588135,1.0865874828763582,51.63533385501583,88.8025069839944,24.7313266870258,0.2041234950317859,0.1959324629039527,6.13309390096456,26.80748335185478,0.0230774587307448,0.20161676406860352
Phyllidia ocellata,Phyllidia_ocellata_img01,65.61899250380242,59.82007910012604,0.0524398956778327,1.711658163107013,26.541990280151367,1.4607833900931808,49.020687647840106,33.92299284917834,31.702454421187596,0.471912353633797,0.3098675755692395,16.370653802159666,17.717622871548613,0.10498816423591112,15.37236213684082
Phyllidia ocellata,Phyllidia_ocellata_img10,61.29772878009854,89.02746395204497,0.0367545890407742,1.2974979702243208,20.3908805847168,1.3354685860431512,27.739383985841,36.00177073833234,11.702407502162192,0.4458846667143495,0.5941354339590706,1.6929268924064687,34.48464837158957,0.1194108102545477,15.865554809570309
Phyllidia ocellata,Phyllidia_ocellata_img02,38.6129517645293,64.19377827808039,0.011159448215221,1.4996045216229896,9.878853797912598,1.045307392441679,0.8976756302458426,94.17441109733085,23.974321353955467,0.5789872601530903,0.1222961609909479,2.5424041853673316,25.92874477471191,0.006341908841876999,2.87530517578125
Phyllidia ocellata,Phyllidia_ocellata_img03,65.65041815763533,94.52260062799829,0.0517100003798263,1.1260549998294884,20.86954498291016,1.0030102401355847,16.360839434392688,64.37416857537177,14.672096974773272,0.1994786850729289,0.2463009496058023,2.446681019481076,41.10288743596324,0.020963805747106795,8.545767784118656
Phyllidia ocellata,Phyllidia_ocellata_img04,71.27086857154488,84.35739811939831,0.0251600030572551,1.6803610712552923,23.267297744750977,1.023960048414737,91.41922467978704,64.18656175338393,39.76895813102078,0.8462681665987607,0.3173799991058336,26.173979614488914,42.0008672987303,0.006289996179024603,13.32031726837158
Phyllidia ocellata,Phyllidia_ocellata_img05,71.43670952434968,85.74710790165265,0.0531994736084551,1.316854211388523,35.59346389770508,0.8098129244027161,89.08629010408856,15.151007910678118,41.37873602267931,0.2630475123117646,0.0128033087784925,26.635861487964583,12.282705639509558,0.08004497867123371,20.13214874267578
Phyllidia ocellata,Phyllidia_ocellata_img06,66.45787199371284,73.3842603111574,0.0555564603754795,1.5399508811147824,30.15215110778809,1.270909138179669,6.047702704632727,63.05452333386131,22.920406749117188,0.6033484419099286,0.4795879530800465,18.110813030796862,15.649440850309887,0.07730717982671372,4.642946243286129
Phyllidia ocellata,Phyllidia_ocellata_img07,65.75577565145254,65.65846156099528,0.0735047225299512,1.1852870146876748,22.547149658203125,0.9714465536493756,73.89026521304122,28.445889732724822,31.217507811634636,0.1992944375494414,0.1547297416886439,13.084200349559445,4.18753056264346,0.014424658727793804,13.069418907165527
Phyllidia ocellata,Phyllidia_ocellata_img08,64.07496285997735,76.00295524059185,0.183316642758546,1.093575074866274,42.21632766723633,0.7467864795440977,25.551293072006715,57.75264449168774,12.204105935818696,0.3688708332631204,0.2243905701815345,15.180530928661796,22.9946661053909,0.1299613786700706,26.52385902404785
Phyllidia ocellata,Phyllidia_ocellata_img09,57.31366510550971,87.05261508890597,0.0727680670588801,1.2546429716257883,31.724462509155277,1.0790786012299225,49.95739478791692,27.521455392142,22.359501967505885,0.2495565239841488,0.1715283867394292,27.763774550699186,36.54430464764407,0.012438856650397692,10.748922348022468
Phyllidia varicosa,Phyllidia_varicosa_img01,72.62360517201776,58.63206949630105,0.054853804746758,1.4461746334947931,21.847139358520508,0.9325755205975664,31.72442570209043,81.40183002185202,14.860131124289248,0.6689307142702747,0.2241749667333837,25.183157858564968,30.152205429571282,0.0930461457639552,12.211633682250977
Phyllidia varicosa,Phyllidia_varicosa_img10,50.46574250758467,71.48063348591754,0.0331401659466901,0.8626934149813508,14.528090476989746,1.2846190056103508,8.03183344049998,13.9263121682592,7.894254862180752,0.1653394269741235,0.2975994127778374,8.559182448522805,12.267460601264496,0.0257166344813898,1.3530302047729492
Phyllidia varicosa,Phyllidia_varicosa_img02,68.7787269403576,73.59575402282663,0.1185413296431286,1.0422469615533894,93.9259262084961,0.7879042737103282,35.076256079112255,126.47677239498726,23.552660622849253,0.2822597131788845,0.0614436754095731,22.372470880358215,21.298361730626695,0.01620532964312861,75.77269554138184
Phyllidia varicosa,Phyllidia_varicosa_img03,81.1959791166961,73.16895264600778,0.0859408699301677,1.597867842297355,18.15055084228516,1.0727627742242738,40.08663205790326,106.45618661627944,26.580896029126503,0.1629382450791747,0.2497967276568282,22.72313867229589,15.99686411819178,0.026397034873804195,2.8053617477417045
Phyllidia varicosa,Phyllidia_varicosa_img04,76.83822037192658,68.41136536357777,0.0739984191408296,1.6140853840647085,25.375232696533203,1.0138243361172226,23.477543153963595,67.85899153859049,18.80429120355984,0.5321693194445622,0.0206428964160649,18.322339691266308,19.3323936115141,0.006724047904575509,10.188049316406252
Phyllidia varicosa,Phyllidia_varicosa_img05,89.87631587541331,92.15134605631108,0.0613196817469668,2.050197350353866,17.178955078125,1.1976714053506714,18.497947017056603,15.56218437494536,18.51394273182766,0.9743461675003372,0.4792263012626221,34.20222724242212,14.189655524657908,0.07385698545434938,0.18602752685546875
Phyllidia varicosa,Phyllidia_varicosa_img06,68.55328849802457,60.0272245099718,0.0318862599155541,1.9463755497771036,10.680098533630373,1.353750169101505,46.45627320526007,0.4091100197862971,20.59450599696044,0.3953339696333213,0.2349336878049051,42.95845292303865,6.700969015162769,0.007690660623651299,4.866024494171144
Phyllidia varicosa,Phyllidia_varicosa_img07,67.30869184140742,27.666152889111363,0.0442844934284198,1.5663980121709151,6.456924915313721,0.8888799941925182,35.8262250180138,71.12123382397658,19.44885176330953,0.550100166524967,0.1464528973418288,17.72026462845347,7.052577894164411,0.0349600512348969,0.4200420379638672
Phyllidia varicosa,Phyllidia_varicosa_img08,90.44194433987076,78.05947657848266,0.0890197590933365,1.6651377614741874,25.10424423217773,1.084165878150601,75.9865448700613,24.22757912620776,32.57059506712673,0.0033248011071012,0.1227337691664196,11.119647950049725,0.24952726754612797,0.0438345252912256,8.439228057861325
Phyllidia varicosa,Phyllidia_varicosa_img09,80.66966424770307,77.74199807799943,0.1091170931649496,1.1755076580109234,32.85561752319336,0.8033694910995747,0.0531167665689054,91.46090446612976,10.085056888670431,0.3770603825179379,0.0921186322469687,21.941249285108768,47.54941099263461,0.11515516108902311,19.019969940185547
Phyllidiella pustulosa,Phyllidiella_pustulosa_img01,49.28869586213883,50.7665805341313,0.0220790624380985,0.974601016373051,11.505373001098633,0.8097757856305792,14.809534044905988,32.09846521784459,20.741063307619022,0.2429209640639904,0.1678533155520807,2.100067487151037,20.543360732706937,0.015529653991223802,4.945764541625977
Phyllidiella pustulosa,Phyllidiella_pustulosa_img10,78.58780361457589,36.7168194844184,0.0280167188295929,0.9371985780125796,10.139602661132812,0.92062165448474,76.46502579855498,53.84285262447512,35.840239163192535,0.2767722957335089,0.3582003923415517,35.83200708292231,20.1084421517087,0.012151258341793002,5.0297651290893555
Phyllidiella pustulosa,Phyllidiella_pustulosa_img02,22.99052905186322,21.48875741840853,0.0024039531674308,0.9954914120492172,13.512539863586426,0.8496485795499659,76.86963347866865,58.36989158685947,39.40910052258597,0.2452766331630167,0.190108168270227,2.148464287749661,2.3598870102207705,0.0011612407053532,0.9019002914428693
Phyllidiella pustulosa,Phyllidiella_pustulosa_img03,70.9659542933484,46.91680632642012,0.0126157809344791,1.222743986975099,10.24044704437256,1.0428654166317823,6.096105051648763,25.89084176445502,16.38005112242278,0.08691185504977,0.0959430346582659,16.84220333534546,20.770760587884503,0.005194825013310199,0.8752832412719709
Phyllidiella pustulosa,Phyllidiella_pustulosa_img04,66.51572450206297,24.085678773964496,0.0103186467979409,1.1805880696842672,7.003566265106201,0.8966624301968001,2.7753957020238573,53.948180503268816,22.60575208691235,0.1955523116100894,0.3306041497781963,31.029891254345358,0.5951344825306073,0.0059265219798822,2.0638580322265625
Phyllidiella pustulosa,Phyllidiella_pustulosa_img05,42.55491264031861,41.002003744180506,0.0140447239327836,1.1533286797932805,15.952874183654783,0.8651609377706012,90.42195023470389,57.56088626911658,46.64291905802735,0.1926503648620612,0.0694959346775208,9.74468448144026,29.87112431186793,0.00027013058974669976,5.570026397705075
Phyllidiella pustulosa,Phyllidiella_pustulosa_img06,40.52929511192868,51.58211258471069,0.0040400804456546,0.9080285571585052,14.440945625305176,0.7206870179150254,18.35512698653337,11.314299489149391,21.76702636392455,0.0252180011824958,0.074804394475212,10.411603540472473,2.0055898339376697,0.0029004776099669,0.3260383605957031
Phyllidiella pustulosa,Phyllidiella_pustulosa_img07,92.51339087540973,95.0073876162963,0.1501792870702383,1.1471468425336473,20.713178634643555,0.7942592367669333,55.98295969722112,52.32052873596396,31.08752680403117,0.0073237952722307,0.0574524018508288,17.055182510997213,22.30843309872735,0.03262359767901679,0.5103321075439453
Phyllidiella pustulosa,Phyllidiella_pustulosa_img08,52.32260186051999,70.12651294910853,0.0363513736190041,1.1843897438010993,13.113449096679688,0.8527485795371903,60.261873663601136,70.91804942861987,37.75434788664686,0.1717718006636366,0.1711635315183438,2.849553626518542,11.560429347258342,0.0860772319575647,14.304849624633793
Phyllidiella pustulosa,Phyllidiella_pustulosa_img09,64.85682238426679,65.2113739709224,0.1074585872457299,0.9171903213713328,14.252030372619627,0.8670406723295921,6.161966815142293,52.92588882623578,27.546449285774933,0.0631235984271382,0.1212905198437186,22.019761242372304,15.08488731887941,0.006498179319889302,1.1104316711425763
Phyllidiopsis shireenae,Phyllidiopsis_shireenae_img01,65.85685922116204,69.7190141783421,0.0290239699683067,1.5297834876627852,12.521804809570312,1.190016971737533,65.10855765337399,10.1348026840503,45.00670895259143,0.1705596060766867,0.1590424257314249,22.235591652419842,5.3296795283949905,0.038492946226412,8.779973983764648
Phyllidiopsis shireenae,Phyllidiopsis_shireenae_img10,35.818636417629456,50.86664892687475,0.0333744909054051,1.238613038120291,9.986751556396484,1.2127678652939475,53.468544038895686,17.23823141909014,38.38826508846312,0.0169514113277822,0.3937592429536317,0.4564696764249945,19.910475750571344,0.006947906346429299,6.200296401977539
Phyllidiopsis shireenae,Phyllidiopsis_shireenae_img02,39.0039416634324,34.15016279204235,0.0899336949969861,0.9613906772888332,58.65835952758789,0.465882444598687,39.03763451433301,37.37985234769644,25.814518483278576,0.2868492030428612,0.0452810874929063,6.083346970602136,13.666901362225381,0.04442510675326629,12.36312484741211
Phyllidiopsis shireenae,Phyllidiopsis_shireenae_img03,37.5884026414526,39.97899132632757,0.0100257602549828,1.1299162933145843,9.292285919189451,1.0549943819924898,59.20174635289107,72.08076752281498,41.84344358080973,0.0153276681947649,0.1358069131859485,10.334539904683002,17.763192197716194,0.0133093139244017,2.1993007659912127
Phyllidiopsis shireenae,Phyllidiopsis_shireenae_img04,53.90274842005666,34.19385127678969,0.0246090682391193,1.7681197359624043,8.22179126739502,1.300765452682599,100.16674622550478,96.04404950784688,45.7429235278235,0.5780560924808711,0.4410447656700791,17.729872397098212,3.4260193292842303,0.003392095180518001,3.763080596923828
Phyllidiopsis shireenae,Phyllidiopsis_shireenae_img05,57.22887400116381,56.98558298214771,0.023132422197192,1.2601884314019165,7.2838850021362305,1.1539485607394997,25.66977076128184,68.56056102591862,34.68067713870916,0.5113259925069338,0.4948703283165022,15.57000751485026,19.981452421276877,0.010724302795452799,0.8234505653381348
Phyllidiopsis shireenae,Phyllidiopsis_shireenae_img06,55.39898423493902,57.67998535221754,0.0193917530733865,1.9056962975758425,8.965848922729492,1.259223173123418,39.0335997198046,50.598304192711694,38.25403414015671,0.8627875055598722,0.4739777362198032,2.2753685707285882,7.1154275288428295,0.05881417097208609,12.449779510498047
Phyllidiopsis shireenae,Phyllidiopsis_shireenae_img07,40.42375236864631,62.00148844420402,0.0147062089318011,1.6034116485395578,7.464184284210205,1.113020201387176,57.71123257930159,6.541754731408787,37.36830227549507,0.1845933731812838,0.0926234057814794,0.552138395005457,1.093102781435256,0.012548867599709301,3.1988682746887207
Phyllidiopsis shireenae,Phyllidiopsis_shireenae_img08,52.64327851544369,49.12794190768141,0.0104249417854542,2.0651378384971943,5.179818630218506,1.103477562599266,11.73263255035775,29.319378448270427,19.878563539951564,0.7631042567409501,0.3619513820420554,23.099798257443698,21.282480982784335,0.0212339346452566,7.106090068817139
Phyllidiopsis shireenae,Phyllidiopsis_shireenae_img09,56.0804758161235,47.84860999725575,0.058329743711733,1.4441196796307545,5.52093505859375,1.0244633899452766,17.77347611766733,16.420674574148023,16.104604723125988,0.4454093608849926,0.3608066539886462,13.441563128132096,6.0188872668899975,0.053055410041841104,4.634346008300781
Sebadoris fragilis,Sebadoris_fragilis_img01,42.91108168358947,18.608453819866615,0.0421816299480004,0.7871160876198152,9.761451721191406,0.7520051537649293,52.71940600799567,24.47317834799061,22.32088666469176,0.775263839984529,0.876988121693201,13.503302736093701,14.518642096325873,0.025319929896152598,3.8851747512817383
Sebadoris fragilis,Sebadoris_fragilis_img10,58.7494312981371,42.4236149734868,0.1338935225850583,0.8657993209294681,9.887249946594238,0.5768114748224096,13.138597294595924,69.16039157633251,26.2592053027682,0.1047617573125603,0.237750912192829,19.47739258211086,7.599642564789171,0.11308340094620739,0.8055477142333984
Sebadoris fragilis,Sebadoris_fragilis_img02,36.31506326759056,44.4931703156558,0.1654880339648389,0.91352799657984,22.19547462463379,0.826761449712082,25.946465601452644,56.09267401173844,20.85969178833052,0.0079762866222227,0.0040388018949149,11.22428420128502,13.585006460095624,0.052072348660668705,0.7109069824218714
Sebadoris fragilis,Sebadoris_fragilis_img03,47.78199143724719,27.058185532222144,0.1432496468258823,0.843674240732429,11.093355178833008,0.6883755525382674,8.038264064238206,0.5069280816667145,4.546040605466457,0.0872467858458434,0.1394031660322519,4.73566002882999,8.818257912211653,0.07584922480801169,4.94550895690918
Sebadoris fragilis,Sebadoris_fragilis_img04,58.71247811847425,36.9136718646366,0.1472754365840846,0.9627019506313274,11.194496154785156,0.8131775694565132,9.46757370368195,39.87712838608261,11.099563871104785,0.0559195798813322,0.0581089724589192,4.464431682660731,6.995775654789654,0.0654486621344878,2.6118192672729474
Sebadoris fragilis,Sebadoris_fragilis_img05,55.18796424500067,29.21354591271081,0.1864263809430977,1.0169604117882511,10.014318466186523,0.5909157743991063,17.67998001277104,9.937248090066367,9.953432611509378,0.0531413731089146,0.0546425049098324,5.32977344424468,5.808847280646624,0.06735901517560972,0.9481172561645508
Sebadoris fragilis,Sebadoris_fragilis_img06,45.52068224441416,15.481929256643626,0.1944235557560869,0.7382531155234491,3.589301586151123,0.7773907574696993,3.322119444324244,21.762336568981475,1.5144938095221363,0.1381222004895704,0.0271575286300009,2.0422718929626242,6.860905244445663,0.09221529161941461,0.6106195449829102
Sebadoris fragilis,Sebadoris_fragilis_img07,45.41655755905862,45.53543826917545,0.1994717642990069,0.8443222043551075,27.40445709228516,0.6690826198643246,25.114373217802463,0.2417683448676797,9.670530987476264,0.3756016707092973,0.413401048435157,16.373771868452415,23.211949661569243,0.1725667332079951,11.288864135742191
Sebadoris fragilis,Sebadoris_fragilis_img08,54.24779022359652,22.57411171560003,0.2929784031511629,0.7274717445701611,12.339591026306152,0.5173918399715465,36.08107799637863,16.018119524358465,17.88972622785239,0.0047965463312033,0.0373588022513324,2.1107308525237514,8.263692825122817,0.008604077338098481,2.120563507080078
