species,n_images,animal_gray_sd_mean,animal_saturation_sd_mean,animal_edge_density_mean,animal_luminance_edge_cv_mean,animal_chromatic_edge_mean_mean,animal_chromatic_edge_cv_mean,gray_contrast_abs_mean,saturation_contrast_abs_mean,lab_colour_distance_mean,luminance_edge_cv_difference_mean,chromatic_edge_cv_difference_mean,gray_sd_difference_mean,saturation_sd_difference_mean,edge_density_difference_mean,chromatic_edge_mean_difference_mean,animal_gray_sd_z,animal_saturation_sd_z,animal_edge_density_z,animal_luminance_edge_cv_z,animal_chromatic_edge_mean_z,animal_chromatic_edge_cv_z,gray_contrast_abs_z,saturation_contrast_abs_z,lab_colour_distance_z,luminance_edge_cv_difference_z,chromatic_edge_cv_difference_z,gray_sd_difference_z,saturation_sd_difference_z,edge_density_difference_z,chromatic_edge_mean_difference_z,mean_normalised_boldness,mean_normalised_detectability
Aphelodoris varia,8,57.426862758011566,56.58684805301591,0.098674764976123,1.0897052518271737,22.44687688350677,0.8434340984747253,57.71713595835807,18.877936080533207,24.60871796821347,0.2142911235127921,0.1521954050264149,15.346430624294882,11.894556063855823,0.0412718374297776,5.770735323429109,0.5949561182955705,0.16755330568068838,0.82465787325231,-0.8155334233585961,0.47189655552651527,-1.02420147936518,-0.04911331663766666,-1.743819393411439,-0.626670256455324,-0.7810611172131976,-0.8408630656874586,0.31364150487903275,-0.5764174777712184,0.019951581428235457,-0.5619670960697624,0.036554825005218006,-0.5384798485487554
Ardeadoris egretta,10,32.09404869885163,49.25932453477297,0.0141345791158378,1.6215438132599211,13.405923175811768,1.4752913472799531,108.26751625170718,34.602181842545015,48.50777504729329,0.4383798276593907,0.5430355756839653,13.75178896405292,14.886149914611924,0.0611583369112068,7.123384237289429,-1.7345837395572516,-0.42396771607282296,-1.0116290410638502,1.2909056272642363,-0.9398661090168997,1.6488808591653343,1.7760204275811942,-0.7535596906520472,1.6443808400106616,0.8762749644048194,2.0970471679024034,-0.07532329316507559,0.02390200614415985,0.8406299625492315,-0.21726595069065296,-0.1950433532135423,0.6902340482316327
Ardeadoris rubroannulata,10,47.07352352924608,62.846009580960505,0.0559335830422794,1.4305711891823714,29.34044189453125,1.2095592446245047,91.81086617216046,44.35895443051727,49.8736833562068,0.2635194856783395,0.2227731424942572,14.820772240109624,16.685175944981157,0.0238290686674559,13.067737483978272,-0.35711009665221294,0.6728298309777174,-0.10371804985284067,0.5345253605284751,1.5483402607833994,0.5246968892385819,1.1818490840090372,-0.13911122240194046,1.7741787459433356,-0.41697341735954396,-0.31033659288005855,0.18542297632648813,0.38491036221784,-0.6998786352219034,1.2975582965147556,0.4699273658371867,0.36195773301644557
Ceratosoma brevicaudatum,10,40.94899102700264,52.83347121514944,0.0576000606040543,1.1246836100428454,25.2540904045105,0.9385998516887608,61.90558702957797,47.04440254575967,38.41059811405019,0.2241120463110145,0.1460129145624551,15.384141375841278,9.272326736735328,0.0390239867608187,11.008768701553343,-0.9203062161742102,-0.1354414641939119,-0.06752069697800711,-0.6769955567667583,0.9102484560545985,-0.6216012169951469,0.10211172542396267,0.030009197911018574,0.6848783512900596,-0.7084266228942386,-0.8873362876507505,0.32283990676771135,-1.1026170338930783,-0.07281298227618364,0.7728627230150434,-0.2519361158422393,-0.09538789136738393
Ceratosoma trilobatum,10,36.97239397446531,51.2991136849412,0.017898427174098,1.3701140014138544,22.756339168548585,1.019315050789496,63.05298210567884,56.1127306332369,43.28161316822815,0.3379171639659444,0.1855995447171166,8.61039539965412,14.28587383393088,0.0128902708947363,11.581398296356202,-1.2859837643089063,-0.259303875791003,-0.9298749632069626,0.29507416153423893,0.5202196986628946,-0.2801342581604984,0.14353870300928845,0.6011017649150667,1.1477553611691083,0.13326385178005942,-0.5897671671351947,-1.329411380352147,-0.09655466175215653,-1.1513022181359691,0.9187883029522655,-0.3233338335450394,-0.024731938172186527
Chromodoris elisabethina,10,60.667370328340645,69.33307618267882,0.06286806962789,1.4458481700581465,33.54863157272339,1.06946674072618,34.22986994109137,51.476964786835175,22.83192045271702,0.4109814678154802,0.3184740417719033,13.820849531516677,15.141267153893432,0.0449250706584142,16.480809211730957,0.8929447873445915,1.1965042012991687,0.04690507505608707,0.595032498269032,2.2054573377055067,-0.0679667205233176,-0.8971267542971737,0.3091569442477144,-0.7955136519254524,0.673639626227483,0.40903841629191007,-0.058478048025628025,0.0750960709349681,0.17071363659710456,2.167325552276509,0.8114795298585115,0.22820575470304835
Chromodoris kuiteri,10,60.92851011989698,76.23021338288441,0.0470330595313171,1.521769862149987,22.47296485900879,1.3073491613907535,21.94418418713336,60.80547746634171,15.030989374585303,0.5134436541015934,0.3959578092099522,15.301961206676555,20.005429536331505,0.0287593336856854,7.557739400863646,0.9169585250794204,1.7532818948381252,-0.29704521949916796,0.8957335542074867,0.4759702440994284,0.938398718074934,-1.340704419001071,0.8966350549951686,-1.5368112278015609,1.4314389940276107,0.9914768921281021,0.3027945299916294,1.051181594833141,-0.4964158831454744,-0.10657741883942037,0.7805496194667046,0.13255756857645834
Dendrodoris krusensternii (=denisoni),10,55.052366076982445,41.887347981244325,0.1228882865848147,1.0122397178611569,11.920918130874634,0.7062682161339678,21.543380938425862,28.17217883880587,16.139311080639686,0.1542131631303155,0.0335746406276616,7.243319558421002,12.762930060086408,0.0545209707565646,4.5664930820465095,0.37660356386246036,-1.019077249659395,1.3505967794315985,-1.1223491333435545,-1.1717525611415793,-1.6044839691638466,-1.3551755175321505,-1.1584994861497526,-1.431490954393152,-1.225391284729174,-1.7325246291778154,-1.6628683517544465,-0.4021619286327803,0.5667183615766315,-0.8688491522079109,-0.5317437616690528,-1.030026993666728
Dendrodoris nigra,10,25.78205979223201,39.30314721007973,0.0247020020960304,1.3487148651947378,7.267296981811524,0.8460466446819019,94.37178644272268,41.0303281346613,42.833509882564194,0.3652434026270159,0.1633554975027131,23.644021181839527,10.796975317406654,0.0370905196528302,4.105287837982178,-2.315017863691934,-1.227689214775549,-0.7820953543430662,0.21031916358878694,-1.8984246364100528,-1.0131490602654483,1.2743117316673411,-0.34873682455926136,1.1051735365025628,0.33536578940504164,-0.7569736593381465,2.337588775250945,-0.7966676655088655,-0.15260352850160014,-0.9863800016802402,-1.1710094943162106,0.22345312813753074
Dendrodoris tuberculosa,10,43.29097350823384,34.573641666501246,0.1211927019401509,0.9060053266930672,15.921831464767456,0.7206178279911392,21.19600699306155,26.26880371184169,13.670807634578043,0.128865925403006,0.0657853932381043,6.075731908572682,6.2563684020639725,0.0637530260063423,5.399437904357912,-0.7049435832002229,-1.6094828650533546,1.3137671952116492,-1.5431089020086226,-0.5470020921665695,-1.5437777034800977,-1.3677175381038584,-1.2783676003979245,-1.6660649561731504,-1.412856743172529,-1.4903993134339366,-1.9476661879988204,-1.7078257090354592,0.9477078948970855,-0.6565863607722995,-0.7724246584495363,-1.175530723798988
Doriprismatica atromarginata,9,66.60458435193249,49.95337828502662,0.059279757526545,1.7201649230079388,16.139445728725857,1.229242215963233,92.4669763726302,79.67900561761466,40.2834768157737,0.5520635956096496,0.2954805264250046,17.006042811964246,12.500255236714828,0.0369330344013412,7.57859876420763,1.4389155855457043,-0.3679395938184517,-0.031036208005103576,1.6815116717551521,-0.5130211977762925,0.6079660187054743,1.2055381019719957,2.085225888537912,0.8628520351480817,1.7170679496460337,0.2361982398837172,0.7184539059989218,-0.4548725645916472,-0.15910264823673104,-0.10126174057074822,0.4693993794010805,0.6788999075319485
Glossodoris hikuerensis,10,46.67389020083545,43.77986279902845,0.1996836229140468,0.788277645618958,24.500048828125,0.7785407477673568,64.17589134114384,40.62806645574096,28.21851061555252,0.2457622619096094,0.1453855262054888,11.06881919459249,11.62466047947155,0.1311486905180809,10.32449140548706,-0.393859340730856,-0.8663022642346112,3.018658775591984,-2.0093898427619807,0.7925033840774616,-1.2987338519729752,0.18408161337809156,-0.37406990168284043,-0.2836431854446274,-0.548303944586961,-0.8920523092185064,-0.7297529500312316,-0.6305770950226234,3.729000042251537,0.5984854952702502,-0.12618719000516296,0.11701864054589874
Goniobranchus collingwoodi,10,52.877599828435336,58.38586353636292,0.0523272048639779,1.2294268928159393,23.091492462158204,0.9867922784203228,83.4458004900514,27.863652388352754,37.214484824777934,0.1258101635048412,0.1013388085389655,15.09826173935079,12.080214977846566,0.0383209310030883,12.472089862823486,0.1766177018231151,0.31278047202282805,-0.18205174393573245,-0.262141582039364,0.5725545432063525,-0.4177223741225631,0.8798263581575934,-1.1779294362881065,0.5712155240031564,-1.43545683124903,-1.2231475043997244,0.2531081809230639,-0.539161530275858,-0.10182676932456737,1.1457669372414663,0.03333950282577267,-0.18084500791244518
Goniobranchus daphne,10,45.6122327817566,50.649580651287394,0.023204838053285,1.3978215195998185,12.768440198898316,1.2381283538146692,87.51915475319642,44.14012248447394,35.55261472580982,0.5189088081693322,0.4235786069601057,14.0363912823029,14.09574065274741,0.0168159996574863,2.7331154108047486,-0.4914866026431612,-0.3117380225764759,-0.8146150692254246,0.4048146025912519,-1.0394103269374506,0.6455589690013468,1.0268958020407262,-0.15289251666068668,0.41329331401984554,1.4718586888201666,1.1990999320872984,-0.005903130628878559,-0.13470845497993794,-0.9892947854682738,-1.3360564051128423,-0.2678127416316523,0.16581027156860195
Goniobranchus splendidus,10,56.930901078950114,67.00346001143876,0.0368630668224176,1.5575883007832163,16.846802091598512,1.370090766754826,72.07162667030238,36.37554107118068,30.629131144091453,0.5100845175979474,0.4389973117124514,14.215346850356331,20.044352779167752,0.0357794836684113,4.276622390747071,0.5493487690037338,1.0084438102987647,-0.5179463724834549,1.0375987052903914,-0.40256611351002913,1.2038280971109132,0.4691590529748078,-0.6418795370082456,-0.05456961252555132,1.4065951798256653,1.3150009419666213,0.037747689566180215,1.0589922744298594,-0.20670751448913055,-0.9427181053996101,0.4797844826183865,0.27129115214895516
Goniobranchus tasmaniensis,10,40.59327087239365,60.83489755265413,0.0167026886143959,1.3992500631390152,14.496559000015258,1.4597121849001866,109.37230509323824,70.05852650395471,47.81394117889998,0.2099360656143667,0.3533653375140599,14.631551088801244,32.29826517591007,0.0091481245838436,6.0421095371246345,-0.9530173187176553,0.510480977523635,-0.9558474524767752,0.41047259754440557,-0.7695611846687609,1.5829729600548978,1.8159090967309315,1.4793607213505886,1.5784480225624287,-0.8132706595017462,0.6713131324543593,0.13926817632385285,3.5179699074054622,-1.3057335487584973,-0.4928116771516037,-0.029083236790042172,0.7322725746017528
Goniobranchus tinctorius,9,48.97309687475197,58.769056250084496,0.1084994244558921,1.0280795013801225,28.630757967631023,0.8120339841430559,62.30263543789946,32.46222148501661,29.323491358478677,0.221628239892402,0.1656626385948113,8.716404053452921,14.065893118833456,0.0553018089236686,15.059854878319634,-0.1824302600206906,0.34371405346883344,1.0380580859053479,-1.0596129179253344,1.4375217228263308,-1.1570401722923183,0.11644725453196587,-0.8883271408455903,-0.17864039309626645,-0.7267965894349346,-0.7396310882984108,-1.303553762528766,-0.140697923152846,0.5989420821713404,1.805217852902811,0.07003508532702814,-0.16189330086118858
Halgerda aurantiomaculata,10,33.66964178447982,77.74022813460526,0.0146946265631847,1.3150223340173972,23.330619430541997,1.3902918571578446,55.44556647599741,32.76634642486131,26.350501113901675,0.3599891287208264,0.3611909307972863,16.243704652210717,17.770437407831643,0.0581177475597609,8.301401805877685,-1.5896962870951346,1.8751792134311018,-0.9994643197719089,0.07687403844576537,0.6098946886118488,1.2892891376821396,-0.13112888389027721,-0.8691743829269938,-0.4611541647646691,0.2965057417261767,0.73013740978497,0.5325044756392158,0.6026884543632661,0.7151505663926273,0.08293316306919253,0.21034607855063536,0.166495819932612
Hypselodoris bennetti,10,50.745106722468,54.14606977425545,0.026768404827096,1.3439512291974416,19.12838497161865,1.3693104537873977,71.74857553502568,48.7081556108452,36.95157382696247,0.3335403426876252,0.5137369830092513,10.036449977851188,11.440296281483556,0.0220700981032715,8.332056522369387,-0.019480831697325684,-0.029480747875289207,-0.7372112763611003,0.19145195535058496,-0.046292469134177144,1.2005269704470927,0.4574952133621256,0.13478672687059126,0.5462319312243255,0.10089334986218321,1.8768122951563195,-0.9815683226684955,-0.6675732334391573,-0.7724680377159111,0.09074503189759764,0.09325226678829755,0.08726166161661984
Hypselodoris obscura,10,50.93264916449359,61.72027596370164,0.042328029689641,1.1458502847358634,23.237861824035644,1.0291444058377206,31.28548079034393,43.678437428291645,25.85044264117723,0.1717534592598808,0.2108098336409687,14.160924247763663,16.83995082476984,0.0196861309206983,11.25933074951172,-0.0022349152856158522,0.5819539575881065,-0.3992425903922878,-0.5931612630948409,0.5954104063168711,-0.23855101221651712,-1.0034346389056723,-0.18196787667624018,-0.5086731249905961,-1.0956651311128998,-0.40026370413001244,0.024472935021463332,0.41596884829352276,-0.8708498735873669,0.8367144912268699,-0.009304236180713988,-0.30929978609565906
Hypselodoris tryoni,10,61.2795747216064,50.13761931280026,0.0343431353910601,1.695791011389009,15.883437728881836,1.337478272005022,73.0518489494581,52.84010785939805,31.67329950163447,0.5073091908055624,0.352191203602417,19.157311090608506,11.670865783705487,0.0419488125902718,4.116666030883788,0.9492415150565098,-0.35306656874712283,-0.5726814912354182,1.584974558853391,-0.5529973493737296,1.0658604091624717,0.5045502161696299,0.3950030747575655,0.04465437298343942,1.3860691597890114,0.6624872739741087,1.2431910004848357,-0.6213051330599859,0.04788907134657559,-0.9834804494865106,0.3535551789526836,0.2976731763287412
Mexichromis festiva,10,45.4972043645398,47.35863028359418,0.0140621831534952,1.29816902719807,12.092366981506348,1.2215237225057685,100.68131186752052,70.68830396145282,43.70901378814508,0.344453872229635,0.431797304673699,16.315024778483814,13.61653087803233,0.0134128283733713,2.853731632232666,-0.502064317462624,-0.57740299372143,-1.0132015448021165,0.010123587856544209,-1.1449804866429871,0.5753128069551542,1.5021186778461515,1.5190219710731858,1.1883698776029907,0.18160864676507507,1.2608791398870607,0.5499008720861054,-0.23087089513586095,-1.1297372551313276,-1.3053192720316142,-0.4420354913029099,0.3928857514401963
Notodoris (=Aegires) gardineri,10,60.67711795514498,43.47057761497386,0.0458798284353591,1.6308559989443043,23.07332935333252,1.3517662587106636,40.91126231061658,77.50578438742237,37.71388869418422,0.4885202389432578,0.3969218727561169,19.83117240967505,16.77107010961425,0.0418279571758372,7.800529479980469,0.8938411538164387,-0.8912695929139004,-0.3220944094097496,1.3277881570292693,0.5697183381176888,1.126305968643237,-0.6558934618625513,1.9483637813174963,0.6186722793655806,1.2471080819615012,0.9987236706599583,1.4075591707235868,0.4021466393183723,0.04290159600127831,-0.044706213753829625,0.4507149358804973,0.6627639493034881
Phyllidia coelestis,10,60.1394832329799,62.62209156889959,0.1033368295685669,1.177855819167847,19.599126243591307,1.0675957328998398,31.18583523611747,39.723867960987214,24.03571864537647,0.2036373253682825,0.2399497785591861,13.504568660915846,15.693890778086564,0.0552168322859814,7.118981409072876,0.8444016595966357,0.6547538451479172,0.925922001284268,-0.46639778174447794,0.02721470432530376,-0.07588204947665218,-1.0070323658154345,-0.43101325821657677,-0.6811205528037245,-0.8598554684876807,-0.181221372228856,-0.13562523916310304,0.18599037859348247,0.5954352563714874,-0.21838794170665282,0.31833539652216575,-0.30364784038411763
Phyllidia elegans,10,52.90675029242832,36.63147314688972,0.0512809918235151,0.9936277372417556,13.21253924369812,1.031753345815853,37.11119810494779,69.01690058459369,23.03595032200324,0.2064055663343063,0.1433275120773912,11.297932934577709,11.03462561969094,0.0212725038739313,4.892954349517821,0.17929830286443546,-1.44336254120241,-0.2047764079075355,-1.1960651171573753,-0.9700633895370154,-0.22751384932724306,-0.7930957019192272,1.4137626514078714,-0.776125344812705,-0.8393818544647135,-0.9075222153892009,-0.673867554694853,-0.7489786696301036,-0.8053832494422194,-0.7856556703914626,-0.643747167044524,-0.5462497343707349
Phyllidia ocellata,10,62.74899449126126,77.97667201809512,0.0615569302702221,1.3705486879722146,26.318212223052974,1.074656335413411,42.997075725979286,48.458542587469125,25.190049686985503,0.422664888119133,0.263302007969904,15.000182586158534,25.28934185580415,0.0572171737804676,13.109660243988037,1.0843655448359875,1.894266361660798,0.018425979335746204,0.2967958131926747,1.0764131663844025,-0.04601205603414679,-0.5805846624740778,0.11906694468997729,-0.571428159122398,0.7600489528363105,-0.005684774628199653,0.2291847259143855,2.111497825887775,0.6779855825823482,1.3082416477116146,0.7207091348959104,0.4498142314886373
Phyllidia varicosa,10,74.67521789110017,68.09349731265071,0.07021018767568,1.4966684568178592,26.61027798652649,1.0419522848154612,31.52167973105302,59.89011045510142,19.29051862899004,0.4111802906230684,0.1929122966816431,22.51021315800809,17.478942618533416,0.0443586576359999,13.526206254959106,2.181070107491395,1.0964380660056292,0.20638231250624628,0.7963150760236843,1.1220198085368045,-0.18436707248302173,-0.9949066188485486,0.8389883431473762,-1.1320417613060536,0.6751100984412407,-0.5347978716399501,2.0610304612385866,0.5441945510443693,0.14733883789435107,1.4143917991763086,0.869643049680123,0.3354786487941867
Phyllidiella pustulosa,10,58.11257301964331,50.29040334025613,0.0387508214480952,1.0620707207752078,13.087400674819946,0.861947031081321,40.8199571473004,46.91898844459886,29.977447560113752,0.1507521620027938,0.1636915842965945,15.003341884931462,14.520804887572222,0.0168333117187746,3.5638249397277826,0.6580122549600338,-0.34073293872828925,-0.47694268788900174,-0.9249847861869966,-0.9896040226547622,-0.945882217730261,-0.6591900569350851,0.02211104289506394,-0.11649702301058554,-1.2509884787912622,-0.7544473252884573,0.22995534168331416,-0.04941133417711784,-0.9885803493029136,-1.1243632427830055,-0.5033557330382129,-0.5212679361900054
Phyllidiopsis shireenae,10,49.39459533000495,50.25522771838829,0.0312952054064366,1.4906377127994164,13.309566497802734,1.0878560004099893,46.89039405134117,40.431837645395625,34.308204145040484,0.3834964469996998,0.2959163941382477,11.177869646738827,11.558761914942144,0.0262944054485372,6.151831102371216,-0.14367035560414304,-0.34357252289834,-0.6388852012173862,0.7724292662573979,-0.9549123933902844,0.009829340806026198,-0.4400154598020546,-0.3864277270657818,0.295040949311117,0.4703633527736679,0.2394746180847449,-0.7031533771282618,-0.6438008794741987,-0.5981388292643371,-0.4648508745917231,-0.2164636443411216,-0.24794535857298083
Sebadoris fragilis,9,49.42700445301206,31.366902406666423,0.1672653748952465,0.8555363414144277,13.053299532996284,0.6902124657776532,21.27865081591564,26.452196992453874,13.790396874302433,0.1780922266983859,0.205427762055382,8.806846587684865,10.629191077777367,0.0747242981985161,3.1030135684543185,-0.14069009673409358,-1.8683498176809508,2.3145060224816545,-1.7430000891949025,-0.9949289828748296,-1.672408081438373,-1.3647336628299847,-1.2668181131731806,-1.654700772510886,-1.048784285294151,-0.44072024973689355,-1.2814930306795884,-0.8303367239333338,1.400471635942571,-1.2417937200147966,-0.6841451742402492,-0.8587676580255824
