species,d05_detection_n_records,d05_detection_n_individuals,d05_detection_distances,d05_detection_mean_col_mean,d05_detection_mean_col_sd,d05_detection_mean_col_cov,d05_detection_mean_col_skew,d05_detection_mean_col_kurtosis,d05_detection_mean_lum_mean,d05_detection_mean_lum_sd,d05_detection_mean_lum_cov,d05_detection_mean_lum_skew,d05_detection_mean_lum_kurtosis,d05_detection_mean_col_mean_hrz,d05_detection_mean_col_sd_hrz,d05_detection_mean_col_cov_hrz,d05_detection_mean_col_skew_hrz,d05_detection_mean_col_kurtosis_hrz,d05_detection_mean_col_mean_vrt,d05_detection_mean_col_sd_vrt,d05_detection_mean_col_cov_vrt,d05_detection_mean_col_skew_vrt,d05_detection_mean_col_kurtosis_vrt,d05_detection_mean_lum_mean_hrz,d05_detection_mean_lum_sd_hrz,d05_detection_mean_lum_cov_hrz,d05_detection_mean_lum_skew_hrz,d05_detection_mean_lum_kurtosis_hrz,d05_detection_mean_lum_mean_vrt,d05_detection_mean_lum_sd_vrt,d05_detection_mean_lum_cov_vrt,d05_detection_mean_lum_skew_vrt,d05_detection_mean_lum_kurtosis_vrt,d05_detection_mean_gabrat,d05_detection_mean_caa_sc,d05_detection_mean_caa_jc,d05_detection_mean_caa_st,d05_detection_mean_caa_jt,d05_detection_mean_caa_hc,d05_detection_mean_caa_qc,d05_detection_mean_caa_ht,d05_detection_mean_caa_qt,d05_detection_mean_caa_scpl,d05_detection_mean_caa_qcpl,d05_detection_mean_caa_c,d05_detection_mean_caa_sc_hrz,d05_detection_mean_caa_sc_vrt,d05_detection_mean_caa_jc_hrz,d05_detection_mean_caa_jc_vrt,d05_detection_mean_caa_st_hrz,d05_detection_mean_caa_st_vrt,d05_detection_mean_caa_jt_hrz,d05_detection_mean_caa_jt_vrt,d05_detection_mean_caa_hc_hrz,d05_detection_mean_caa_hc_vrt,d05_detection_mean_caa_qc_hrz,d05_detection_mean_caa_qc_vrt,d05_detection_mean_caa_ht_hrz,d05_detection_mean_caa_ht_vrt,d05_detection_mean_caa_qt_hrz,d05_detection_mean_caa_qt_vrt,d05_detection_mean_caa_scpl_hrz,d05_detection_mean_caa_scpl_vrt,d05_detection_mean_caa_qcpl_hrz,d05_detection_mean_caa_qcpl_vrt,d05_detection_mean_caa_c_hrz,d05_detection_mean_caa_c_vrt,d05_detection_mean_caa_pt,d05_detection_mean_caa_pt_hrz,d05_detection_mean_caa_pt_vrt,d05_detection_mean_caa_asp,d05_detection_mean_vca_ml,d05_detection_mean_vca_sl,d05_detection_mean_vca_cvl,d05_detection_mean_vca_mdmax,d05_detection_mean_vca_sdmax,d05_detection_mean_vca_cvdmax,d05_detection_mean_vca_mssat,d05_detection_mean_vca_sssat,d05_detection_mean_vca_cvssat,d05_detection_mean_vca_msl,d05_detection_mean_vca_ssl,d05_detection_mean_vca_cvsl,d05_detection_mean_vca_ms,d05_detection_mean_vca_ss,d05_detection_mean_vca_cvs,d05_detection_mean_vca_ml_hrz,d05_detection_mean_vca_sl_hrz,d05_detection_mean_vca_cvl_hrz,d05_detection_mean_vca_ml_vrt,d05_detection_mean_vca_sl_vrt,d05_detection_mean_vca_cvl_vrt,d05_detection_mean_vca_mdmax_hrz,d05_detection_mean_vca_sdmax_hrz,d05_detection_mean_vca_cvdmax_hrz,d05_detection_mean_vca_mdmax_vrt,d05_detection_mean_vca_sdmax_vrt,d05_detection_mean_vca_cvdmax_vrt,d05_detection_mean_vca_mssat_hrz,d05_detection_mean_vca_sssat_hrz,d05_detection_mean_vca_cvssat_hrz,d05_detection_mean_vca_mssat_vrt,d05_detection_mean_vca_sssat_vrt,d05_detection_mean_vca_cvssat_vrt,d05_detection_mean_vca_msl_hrz,d05_detection_mean_vca_ssl_hrz,d05_detection_mean_vca_cvsl_hrz,d05_detection_mean_vca_msl_vrt,d05_detection_mean_vca_ssl_vrt,d05_detection_mean_vca_cvsl_vrt,d05_detection_mean_vca_ms_hrz,d05_detection_mean_vca_ss_hrz,d05_detection_mean_vca_cvs_hrz,d05_detection_mean_vca_ms_vrt,d05_detection_mean_vca_ss_vrt,d05_detection_mean_vca_cvs_vrt,d05_detection_mean_bsa_bml,d05_detection_mean_bsa_bsl,d05_detection_mean_bsa_bcvl,d05_detection_mean_bsa_bmdmax,d05_detection_mean_bsa_bsdmax,d05_detection_mean_bsa_bcvdmax,d05_detection_mean_bsa_bmssat,d05_detection_mean_bsa_bsssat,d05_detection_mean_bsa_bcvssat,d05_detection_mean_bsa_bmsl,d05_detection_mean_bsa_bssl,d05_detection_mean_bsa_bcvsl,d05_detection_mean_bsa_bms,d05_detection_mean_bsa_bss,d05_detection_mean_bsa_bcvs,d05_detection_mean_bsa_bml_hrz,d05_detection_mean_bsa_bsl_hrz,d05_detection_mean_bsa_bcvl_hrz,d05_detection_mean_bsa_bml_vrt,d05_detection_mean_bsa_bsl_vrt,d05_detection_mean_bsa_bcvl_vrt,d05_detection_mean_bsa_bmdmax_hrz,d05_detection_mean_bsa_bsdmax_hrz,d05_detection_mean_bsa_bcvdmax_hrz,d05_detection_mean_bsa_bmdmax_vrt,d05_detection_mean_bsa_bsdmax_vrt,d05_detection_mean_bsa_bcvdmax_vrt,d05_detection_mean_bsa_bmssat_hrz,d05_detection_mean_bsa_bsssat_hrz,d05_detection_mean_bsa_bcvssat_hrz,d05_detection_mean_bsa_bmssat_vrt,d05_detection_mean_bsa_bsssat_vrt,d05_detection_mean_bsa_bcvssat_vrt,d05_detection_mean_bsa_bmsl_hrz,d05_detection_mean_bsa_bssl_hrz,d05_detection_mean_bsa_bcvsl_hrz,d05_detection_mean_bsa_bmsl_vrt,d05_detection_mean_bsa_bssl_vrt,d05_detection_mean_bsa_bcvsl_vrt,d05_detection_mean_bsa_bms_hrz,d05_detection_mean_bsa_bss_hrz,d05_detection_mean_bsa_bcvs_hrz,d05_detection_mean_bsa_bms_vrt,d05_detection_mean_bsa_bss_vrt,d05_detection_mean_bsa_bcvs_vrt,d05_detection_mean_chem_grp,source_dataset
Aphelodoris varia,120,24,10; 2; 30; 5; 50,0.11018548998907286,0.0971447936578984,0.21307127622862979,0.26730920757353893,0.06809332297672839,0.18558763285570903,0.13201963955527798,0.39002434082152077,0.4278208685721395,0.15504169408371407,0.11609645338510807,0.08479168007134183,0.19291423888562592,0.22312480978599625,0.06403526579657601,0.10557694873845441,0.10110654663014457,0.21676757340784164,0.27819099144166926,0.08230500368914455,0.18169368522069126,0.14382583085689318,0.40157547185904124,0.373733597635313,0.14919247055101273,0.184315052677154,0.1593234777475529,0.39967074830578164,0.45827617610676263,0.1709910377197383,0.3849913376925985,0.10405790464135606,0.5577096046920338,0.03804244796365632,0.4570383079166667,0.3050933996167598,0.6605129949879809,0.22435290076954675,0.5352151908416667,0.5149113835818974,0.55359316966826,0.23140344441149058,0.10437154272405941,0.10382624113447995,0.5581644672824378,0.5572493499654523,0.04137317268537219,0.03783331906352824,0.45523541989166666,0.45822506590833334,0.30624647812627526,0.30390407819184306,0.2943100462755848,0.29873620909733234,0.2253745461694779,0.2265304668469464,0.48332244835408805,0.4861447167216069,0.5139696251825586,0.5155682701764037,0.5129227833363402,0.5218244122086317,0.24082724000668373,0.21706193698023318,0.011479596550662228,0.006585853385521889,0.012963998218817874,0.5095594018863708,0.2684315177520344,0.25343672997871475,0.19930936389291062,0.2962929074645231,0.11169111162773865,0.061335693661254485,0.23656950740460653,0.07291337513324567,0.052929278872163595,0.13989795877726982,0.05805644487617877,0.285729220587869,0.1264710505371717,0.06648088966256037,0.23264411524033865,0.26737724863085727,0.2472097684139499,0.19078816435550622,0.2676100123963698,0.24766935538244697,0.19423946986807625,0.2987625388612562,0.11133729808845573,0.05849619878084598,0.29750017823891206,0.11092208569589866,0.05881630449583033,0.23814397824070355,0.07336768450458855,0.05045922171305237,0.23754261120871145,0.07315710667179769,0.05068823465023265,0.13990674100048464,0.058057266311116164,0.285710146562015,0.1398891588704083,0.05805551553914149,0.28574777580644356,0.12646251807681513,0.06646327133386688,0.2327339593170467,0.12647928430984368,0.06649683712163869,0.23255406954430877,0.3596790328633228,0.1851760826048273,0.11217791323320961,0.16942232476304456,0.20604229202593757,0.26554375184957607,0.1513502943897201,0.1948888243150434,0.2588013135427052,0.31209853566457985,0.14826664412068472,0.11866506731331701,0.21089645463550413,0.11341998233977152,0.16212303797998126,0.3601605953529086,0.18748932431139004,0.08568881456792214,0.35888560396740576,0.18541654928306622,0.12290422122540946,0.16861964356951964,0.20753714189476427,0.1877652393127815,0.17038951939936473,0.21615823574616314,0.2980324404868589,0.15052873504254055,0.1964119713229097,0.251535235545664,0.15235879265468175,0.20422134068270512,0.2670575165439399,0.31254938815895045,0.14454707388276786,0.09099954780535405,0.3113587278007928,0.14979676477888218,0.12965667694070762,0.2010503542738547,0.10413496827493482,0.15792864815287733,0.22498216990753261,0.12184559496383486,0.16816186070838363,1.0,detectability_boldness_2023_d05_detection_species_summary
Chromodoris elisabethina,105,21,10; 2; 30; 5; 50,0.46949969256045543,0.5081101242881163,0.2715132524334804,0.23933210771889246,0.0488229445364474,0.3862724859124185,0.3230241650492835,0.44250011360173774,0.3446867786866297,0.09113833244094872,0.537326027834154,0.4833465053900096,0.25265333395944345,0.18645706076248217,0.04084443313000817,0.392662258566482,0.46629729632758743,0.2804240202161144,0.2760828888021034,0.07907489557207102,0.34877958316178564,0.3141456219500303,0.42446456573075286,0.28041260870565904,0.08175858699610904,0.3359975586096535,0.34373432229266265,0.465336246444182,0.42009264521114287,0.13436360742052195,0.27998153800274767,0.37910337947864703,0.48184712382081724,0.2695134019120857,0.23582221736190476,0.60959133237897,0.7790134475697298,0.5631968495324484,0.7747549619238094,0.3584723552553516,0.7747578054956866,0.49695988887493553,0.3766905237788925,0.38153063365881373,0.48050526510068114,0.48296428682480796,0.2811720071705799,0.25962427204048844,0.22236271192380952,0.23474788135238095,0.6107410168602864,0.6081965933220941,0.39093772347725564,0.38709559655361414,0.5596976043962356,0.5612359981581718,0.729865008679738,0.7407458751220553,0.35086301896830036,0.3587279601933241,0.7358730162947493,0.7459175399781415,0.5572438478890216,0.4249932593732116,0.0024789581135395665,0.0014805462240440037,0.003043483829038077,0.4506149899687644,0.2950006667143357,0.33475444369130386,0.22550020344317462,0.3344713519832524,0.39082198138602353,0.17186360596762532,0.28088510883484064,0.33502308362513317,0.17950828306454064,0.12068555381381942,0.07591841465263516,0.44069228468805116,0.4136749240308338,0.35289723709693993,0.355695539994891,0.2959768831739867,0.32986772678819737,0.21629091773912917,0.29556166185886346,0.32920535491379915,0.21984547797353854,0.3336244124982603,0.38603613908090595,0.1644988695305351,0.3335683784094587,0.388227756133292,0.1658780029871763,0.27905711571822184,0.3330685115057811,0.17193931097449736,0.27965826061806554,0.33584459331563465,0.17322616917597525,0.12079732467650457,0.0759448934170455,0.4404025182974048,0.12057867891189765,0.07589208397227452,0.4409661210479112,0.4137407746319849,0.35292607589367175,0.35588900223596004,0.41361120786995037,0.3528646414272461,0.3555047359711903,0.30948630481453027,0.404050304073711,0.2762599089145517,0.3190261838721046,0.4102847699791911,0.2547243029787352,0.33120583447323804,0.39632487582963877,0.2176665421647553,0.27541439478221436,0.3371275658543343,0.2927589909922102,0.5114322946404953,0.5064251900079458,0.26881059191833523,0.31536771015728315,0.41171343643821995,0.21160214033551983,0.2977392133428635,0.39144060271051845,0.3029375780267666,0.3257766543663032,0.4151819619506347,0.17516425144895342,0.3089437053740026,0.4233259456561313,0.2931952700041715,0.3389135128496712,0.4013615846765303,0.20513643107500135,0.3201670560145007,0.4091075003195347,0.23112375491937698,0.2818796499228977,0.3327265268164003,0.2247599769490646,0.262888118221568,0.3251201281860037,0.3193998179420799,0.5068010977818473,0.4787133733249535,0.25910635068909144,0.5165519234563779,0.514774739436798,0.2812316640748589,3.0,detectability_boldness_2023_d05_detection_species_summary
Chromodoris kuiteri,85,17,10; 2; 30; 5; 50,0.2859939195720269,0.36030791071369767,0.35559879007281425,0.3495817960782999,0.12160799672860366,0.564479721546578,0.5621495090621493,0.5621068410598618,0.39365667560521134,0.10432548176281209,0.3254175784611545,0.32738082171684346,0.3202750227742636,0.29177918129324265,0.10204978507018976,0.2410742655136915,0.3459562275369176,0.37488841934667283,0.3910855921964606,0.17129318747163524,0.557027302089306,0.5675091253969319,0.4869349240658849,0.300516643405912,0.07924587539323917,0.37729207539153675,0.5050664543010466,0.6221937310806215,0.5184470144783023,0.18400731562098444,0.36396806460719316,0.21621505640876895,0.3489003635071679,0.12557163589253909,0.21824172138823528,0.5049764348016167,0.6845873565188915,0.4866971843880334,0.713181537,0.3071360879873034,0.7021202583398187,0.48459764872686034,0.21597286042185598,0.21644377454206792,0.34902124395598466,0.3486101710811622,0.11802933274373542,0.15315198789062687,0.1946763664,0.23362328027058823,0.5059409464370659,0.5037630744733129,0.34360612149860215,0.33994747089735067,0.47627504652618197,0.5047019856151048,0.6668977325019114,0.701648988142991,0.2920647311312099,0.3150352725382768,0.662548582051531,0.6872459154526441,0.5973405345419142,0.3592459457982411,0.004795054924357748,0.0018914136230663387,0.00503633054268381,0.4056056248796042,0.15419248343257835,0.3767241814839432,0.4508522276472674,0.1699101778142978,0.4148028420003033,0.4270898571798356,0.15047310179393175,0.35393864188472357,0.4252235421400435,0.18330142818538783,0.09701042199188022,0.3954565956381761,0.41044698115656936,0.41641781458167937,0.44587247620278503,0.1534426192393783,0.3722835846755565,0.43892209130396903,0.1539517717980774,0.3734986126441697,0.44539845761300195,0.16689882133227346,0.40945954177340793,0.4180221227548215,0.16465963631294425,0.4066814794074735,0.4208802899807836,0.14741970140863062,0.3527527057197567,0.41635978859368067,0.1455068364850644,0.3503240448747882,0.4190166745197601,0.18347667604471854,0.09706820594997327,0.3954329376545872,0.18313297026256414,0.09695447263714188,0.395483592523347,0.41053245368647184,0.41622392992696416,0.4458739015701262,0.4103721813588716,0.41659619894561467,0.44585448132885447,0.4686889360329317,0.5614305858275033,0.25763672460080506,0.44579416253807486,0.5045672578797167,0.2414822950464,0.4599269987318066,0.4832348151628078,0.2012574635138532,0.446825683572085,0.5423433349679445,0.2907752109644398,0.34157910539275715,0.4710704678451858,0.4242631313974119,0.4845935449442757,0.5817642927247593,0.19192832157219616,0.4222118734019476,0.517139791259059,0.2881120144715692,0.442828099888651,0.5077525659895276,0.17381707336471947,0.4380616678899739,0.5281093601084526,0.2750150646260546,0.45791581315352703,0.4863100444776406,0.19503146066550034,0.4523831069824131,0.5055273771917838,0.21253118728659945,0.46731980929314215,0.5472893504391432,0.21724223605458107,0.39312772018849695,0.4900703086854668,0.3240401361260911,0.31076186529891686,0.43276729474736314,0.43053941752345903,0.39027565077895343,0.5033608693851093,0.41170389691888737,3.0,detectability_boldness_2023_d05_detection_species_summary
Discodoris sp,75,15,10; 2; 30; 5; 50,0.08667076199371695,0.08016812795148975,0.22835369955178142,0.2592446168886841,0.0666900596461183,0.10636611193785078,0.07065836819768277,0.3514370033515114,0.38918853064434195,0.15068435861174415,0.08876025810541242,0.066931842372936,0.20719542645404287,0.2220697055093918,0.06706756524132879,0.08507557605908135,0.0867242905148642,0.23106881355151382,0.2618134473903051,0.07552511886519234,0.12264031403924576,0.09299651893626039,0.37588447971533234,0.34750276746905984,0.15597944893988294,0.11092875644230797,0.08831746058419265,0.35570043524575146,0.40006009106454055,0.1477934323970205,0.4252783647400338,0.05290740862482471,0.7491270446523554,0.01610425036358034,0.446524664,0.1716632684239707,0.4960861338888223,0.0800004608189704,0.22984951313333332,0.46921094443151673,0.25874958588647634,0.12798769644598104,0.053043977129984356,0.05281311746428821,0.7491857147495128,0.7490660101933851,0.017731895077360664,0.01570574222409792,0.44358653596000003,0.4461213722933333,0.17222583099083325,0.17108136110546815,0.1694238296806166,0.16965637216355303,0.0795202719963929,0.08033170291961576,0.18434205486972396,0.18931886622229085,0.46761279360474056,0.46916078410796425,0.23697921426445978,0.24173455886266193,0.12827078186075636,0.1251082027465707,0.03180514926198655,0.030023358522683376,0.030919007704979958,0.3908686717207224,0.1470393588313159,0.08539814493499102,0.12415708086713326,0.2204073139947257,0.0715974804672607,0.10989132998004886,0.19336230003992277,0.053031617020313546,0.10327282881009149,0.10132731764129926,0.03650454548901096,0.15521034781730608,0.08416094630557627,0.041667525723539815,0.15712384375350363,0.146008065522531,0.08341868360022485,0.11913915020147123,0.14606830163932216,0.08363611336263557,0.12145486767651835,0.221823592462801,0.07162176069257836,0.10605886530876667,0.2208317206865783,0.0715651594389704,0.10709595513737248,0.1943838297009027,0.0535468787652027,0.09960877064386968,0.19383567357761325,0.0535649489436913,0.10052506183950549,0.10133642178786459,0.036510717764264226,0.15521062212179418,0.10131827921388956,0.03649835710939753,0.1552098281728833,0.08415431011711715,0.04164646155897858,0.1571315871445167,0.08416731467069379,0.041687475230279346,0.1571157596909675,0.25079956783198487,0.07685380259561304,0.04872351480244507,0.21092019740043877,0.1395991949268152,0.10009485357605956,0.2059912906542543,0.13166424917492087,0.10075677360339115,0.21688520617108992,0.06293277025769835,0.05269532839412753,0.16459173025229754,0.05668066032745212,0.09107659504797641,0.24986816641455453,0.07117164085497199,0.03454344075858095,0.250921331865858,0.07942194510762565,0.05506071969656818,0.2118597563638871,0.142493603211953,0.06957650664136611,0.2097651140050195,0.14368088297357465,0.11212053165285837,0.20698888639439034,0.13503891677202493,0.09694038732075075,0.204912056470731,0.1353580498535626,0.10484328423765205,0.21592481537068853,0.055698654185248726,0.03729890273023397,0.2170532825478026,0.06592015588196261,0.05958893138391906,0.15730731556442937,0.05158050759431845,0.08567844643671346,0.17494415398150928,0.06084900943552744,0.09397787763620725,1.0,detectability_boldness_2023_d05_detection_species_summary
Doriprismatica atromarginata,135,27,10; 2; 30; 5; 50,0.061182674562273026,0.057646035674346285,0.21663281232388648,0.2131465997647368,0.04062168355484159,0.2293969765547589,0.18337108264600577,0.4292984073113456,0.3587955094135846,0.1134916988451761,0.062106669436040936,0.04747249232919839,0.19354674175306694,0.18542722986282323,0.04466177015073691,0.06091150539653915,0.06298023726386029,0.2180471285269804,0.22288212662101023,0.04908160368479343,0.1976921541543519,0.1690942773516542,0.42138910583077616,0.33098561996560183,0.12708856151531908,0.24807143501165627,0.24382588102023445,0.4401138386566249,0.3814037298168318,0.11295008924324675,0.19877653612630936,0.04722272651004345,0.5480416055763163,0.02181754160305108,0.38339347017777775,0.1870036682810532,0.4417456426602685,0.13604821785156235,0.39347697557037037,0.3935857027581152,0.38399118547128847,0.1740158311431068,0.047417466387037276,0.0470650342359157,0.5488302690195065,0.5472466115387861,0.023577547413871216,0.021723865016482775,0.3774699882740741,0.38605129671851857,0.18789231127457703,0.186083616407682,0.21775905083606337,0.22173669970056595,0.13469950345341147,0.1379640369768836,0.30911457901752715,0.3190843657932412,0.3907417260768148,0.39481365397058316,0.3494018565779327,0.3610404824024748,0.168674800702888,0.1758759333161261,0.008757635370189934,0.0061307055860952255,0.008637512634452319,0.46817950211843623,0.5992854477124857,0.4023022879366659,0.14069010703909268,0.19367131967744275,0.038841115861000766,0.03386570894248599,0.13978240209615264,0.02237054287774254,0.028882192593394765,0.16977033433578406,0.08126720150303246,0.2371226862330869,0.056129601173533814,0.034599945758982315,0.20788212762161093,0.5976690670629243,0.38808211169895257,0.1327574209235785,0.5983613481067106,0.3874626065287349,0.13472078501333531,0.19534487382651822,0.038191912719394525,0.0318063089073959,0.19451149611120358,0.03803108131231944,0.03193576557252844,0.1407960548571094,0.022205059063835134,0.02710927370385264,0.14042121376549954,0.0221412090524103,0.027205069524206045,0.1697936513128894,0.08127491196093878,0.2371004795105953,0.16974708102989486,0.08125954472036447,0.23714510590513632,0.056127292763273655,0.03458730808270919,0.20793642437759233,0.056131798265313976,0.03461136392437078,0.20782213044996126,0.3608539945852619,0.18115716466759582,0.09135418292694064,0.11434406968986267,0.12230154709822375,0.19414360405595651,0.10227877021446909,0.1048159321488242,0.1712110526130983,0.3183371312743034,0.1524438187705796,0.0998488255984143,0.08039462303131714,0.047382221679749294,0.14779807504146866,0.35889321909179106,0.17813419424736848,0.06846155095246542,0.3628197651482134,0.1852443783515347,0.10130833820224225,0.11350309960310556,0.12421867793293807,0.1386229774149287,0.11499887527955878,0.126529765152482,0.21462361857584777,0.10185470320965447,0.10681925430220313,0.16688183729119255,0.10253449238540091,0.1080919322350598,0.17500694180370213,0.3164320324353576,0.14424478619508793,0.07512109900260804,0.3202302887030689,0.15743844357710501,0.11044927634633735,0.07626964206833461,0.04366038307639825,0.14398411576741768,0.08607347955362918,0.05044595802912448,0.15126235950528422,3.0,detectability_boldness_2023_d05_detection_species_summary
Glossodoris vespa,75,15,10; 2; 30; 5; 50,0.24729007120227398,0.3223226050901155,0.3872060091402009,0.3262639372756723,0.09737112077940567,0.26572349977234916,0.23080643657112423,0.4655832109418902,0.40621935754303284,0.12827980804151057,0.27602152111940337,0.30369572381535886,0.3866763102967944,0.27774287191982866,0.08985121254125157,0.21272203227693876,0.31893438016388165,0.39655123852458746,0.34880179181200194,0.1199719733384723,0.24441505733117203,0.23230551846253827,0.4617874328983185,0.360303926517157,0.12752047986664827,0.2513227955755793,0.2703707712440443,0.4713779585049954,0.43449418995072797,0.13694239373238917,0.4865872640243285,0.07109521716203152,0.4865397518550907,0.0463267424661347,0.43073030637333337,0.2727329931180192,0.5800629974900636,0.2645728562618031,0.5734247654266666,0.441879474915033,0.5379638409868496,0.26946662507267033,0.07092609518779604,0.0713066104099434,0.48566895318336006,0.4873478338784701,0.05054999317673989,0.04540527736141872,0.42062479156,0.43783161228,0.272974360743065,0.272418580069324,0.2601862634088477,0.2582963951139158,0.2661374938939093,0.2653210977380378,0.5280644321943926,0.5324716916531482,0.43615652185122,0.4460929440624069,0.5160226798990699,0.5217689509701504,0.29282926118410707,0.2401826197293005,0.0061794480684521065,0.004198151749401092,0.00678005670282118,0.4579668428137134,0.03308535741798581,0.06836188589893764,0.25426872556526187,0.14308626961622226,0.35177023037747107,0.40171033772563114,0.11597829666333069,0.25311841576072575,0.37960467422301214,0.12571271904439724,0.05491080557260852,0.27325807515218425,0.2510903552263532,0.18846260113972646,0.29214725025034016,0.032208287157355735,0.06602590081624515,0.24497384583691498,0.032330323451267406,0.06646862712129609,0.2496587895448008,0.13851250131723536,0.34705859684290635,0.3965247601494387,0.13943408370085109,0.3485518656106997,0.39675786370168337,0.112149608623607,0.25212807590640457,0.37449098404465947,0.11307319703257872,0.25351208711342005,0.3744941584082884,0.12576601542613608,0.054900651730313624,0.2730487983520015,0.12566005456825788,0.0549205522876577,0.27346293888330414,0.25105474259069743,0.18841985152058405,0.2923678638129396,0.25112515687105536,0.18849983912051735,0.2919272404919947,0.34733204887888985,0.27885277577705253,0.15384907459472086,0.6215687122841809,0.42982044275068537,0.14317074702156446,0.6243016456475755,0.41134635803066755,0.12416642275023347,0.30758948553744064,0.23487444548495598,0.1648314785769367,0.45598615862911895,0.3958993095628981,0.23287374856878007,0.3539735463105876,0.28864470540133447,0.11847465398463268,0.33918107324006824,0.2694817573924293,0.1652351057849495,0.6325877850579846,0.4287033466812733,0.09687168874221716,0.6078626570155783,0.4521145569936212,0.16904043543401642,0.6355335999976213,0.41055099500442704,0.11445529272164237,0.6102587475602017,0.43239612548500145,0.1357009453735353,0.3144311826108885,0.23500530726822594,0.1274202642428291,0.2992015510539747,0.22790933821964576,0.17653400898477561,0.450372942791941,0.3710184874923591,0.22178657518594952,0.4647799489829354,0.41195569334540316,0.24843976080641406,2.0,detectability_boldness_2023_d05_detection_species_summary
Goniobranchus collingwoodi,75,15,10; 2; 30; 5; 50,0.16692827023985565,0.1394188143873976,0.19234068064031823,0.21749156421255283,0.0421656805981685,0.24291316267807664,0.15907182435312764,0.3402648338958567,0.3436127054994847,0.09086045928803292,0.17549624732157967,0.12169421000573434,0.17310621237028515,0.1822712933699069,0.04421025758703186,0.159308691533316,0.14251630207374594,0.19198351993735915,0.2265014412433439,0.05219770749792373,0.2207253222494669,0.16195686110518498,0.36807475733588035,0.30474060711021744,0.09820842866729258,0.24285775484423539,0.1890036949661234,0.34136910126452674,0.36167939599826,0.097262876480006,0.32127917800186884,0.1258650521144278,0.6112957125925602,0.03751122419217513,0.37766227144,0.3522483985678345,0.7404067512992238,0.232025859170333,0.5955123855866666,0.492093143085194,0.6397535564078118,0.30124614445796305,0.12618154277287524,0.12564349612372328,0.6110187599127183,0.611532635123469,0.04101438675253831,0.03699816906254403,0.3738739058933333,0.3797964867333333,0.35340034171667517,0.3510427938809309,0.4052938090435219,0.4083082438385101,0.23378454460849427,0.23366610789188394,0.48782457089055536,0.4900880565960794,0.4898519554376148,0.49351322772532286,0.5959823196520211,0.6034670131745699,0.3168629560931214,0.2791451106609917,0.004290458222210396,0.0022597436757294947,0.005210657272102338,0.48169776542119336,0.20867050805586526,0.2653118402652287,0.24772470154938095,0.2906372931621193,0.10898369157038842,0.061317459916451704,0.24675408201305374,0.07269712786501326,0.052213614540026265,0.12942174204972426,0.061503335851121506,0.3305638220385576,0.14883744733595114,0.07858818097748313,0.21778595550102064,0.20716676217369312,0.260034546075806,0.23886988138379966,0.20754007672111927,0.2607082258724258,0.24316487472359527,0.2927775567586784,0.10889480566686251,0.058655973474554625,0.2916569517641379,0.10879986737482857,0.059077304898399914,0.24830937182007456,0.07320491026533808,0.0498362731226426,0.2477286454051827,0.0732231003300875,0.05016061420852805,0.12943199623350551,0.06149262958361956,0.3304749848107654,0.1294117115424787,0.06151363874476039,0.3306500656805351,0.14882568576257402,0.07855172191942485,0.21784825972833483,0.14884887027239718,0.07862211077666566,0.21772214802995898,0.34682326244772466,0.17081984467675163,0.10580794722774924,0.13868098962860825,0.18340343209679336,0.284736880681682,0.12532256188208554,0.17639758761961308,0.27172741302130493,0.29973779520233373,0.1345830602440051,0.11070873027906553,0.23405233723436653,0.0994259634310105,0.11971531323393056,0.3466110303028903,0.17045079463059534,0.08007800986736908,0.3469855368755973,0.17464074797231488,0.1177819033154555,0.1381598341204743,0.1858776971691447,0.2029064254112175,0.13925363364703394,0.19091072919048666,0.31737742607425634,0.12490042008125539,0.1781077835037672,0.261923933850858,0.1258254035708225,0.1845927024712046,0.2823233187488842,0.29954531599787215,0.12918197831792605,0.08405541312618847,0.2998796380007033,0.13904030649246563,0.12305716307571847,0.22437218032191641,0.09212883696060677,0.1171280622057897,0.24797232491422605,0.10601744985641699,0.12402774489353087,2.0,detectability_boldness_2023_d05_detection_species_summary
Goniobranchus splendidus,125,25,10; 2; 30; 5; 50,0.1102508594390112,0.11484236045437299,0.2578695385670799,0.307547066614729,0.09717788383535117,0.2750332979743783,0.2344755706827564,0.4805409526265144,0.49273751293894047,0.20496719202073727,0.11167803660738006,0.09797749126470581,0.2447186542953028,0.2679118047188027,0.0888755283270808,0.10888704734233404,0.12112452329978216,0.2528298337032892,0.3067282913591419,0.1058341778543087,0.23589316819665193,0.21820260467419444,0.4596271083074191,0.4502011779381233,0.20709312250608813,0.2855752088834373,0.2954491318013504,0.4883461881334514,0.5011399352383548,0.19364119361535878,0.36700879161980177,0.08167404142663477,0.4849209914494883,0.04796085629094053,0.387010700848,0.29138381498097926,0.597638445592539,0.26292881252674055,0.5725290896799999,0.41928091953244234,0.5343622035448645,0.24133900285878537,0.08185474680837157,0.08155328344805259,0.48535207882314946,0.48446773074481403,0.05101909723658519,0.047837901565007716,0.380728523088,0.38630976619199997,0.2921517420769105,0.2905524710523861,0.27732846680928497,0.27890109972565746,0.26205887432927544,0.26400476155284186,0.4916742769110102,0.4953670541591403,0.41606364888488456,0.41901661736757756,0.5058268814979486,0.5132994739690936,0.24441499268281172,0.2333468025082868,0.00691392226844868,0.003781474711474911,0.00812661240516955,0.48319694282249664,0.3545809220835709,0.4088521656468429,0.23005138523363422,0.21735523088924344,0.11281953229076035,0.08049794006338133,0.17285906501023485,0.0801955716029247,0.07599120627673214,0.17367292809473775,0.07859852455669829,0.2902093397975891,0.1385497434315637,0.09680918607545361,0.24908479511092055,0.3553222791724642,0.3977184518374652,0.2183805695422504,0.35534558902879726,0.398755040844911,0.2225873625535421,0.2185044604228523,0.11111159410365755,0.07595864610101645,0.21772773612081464,0.11141547506184316,0.07672966350712399,0.17340406634574224,0.07966812966398525,0.07162397222669592,0.17308104415715003,0.08003262528544278,0.07236326374804691,0.1737126375849918,0.07859752944335056,0.29012398067364276,0.1736342929239476,0.07859938389401647,0.29029260648918376,0.13851962431493275,0.09675293065194474,0.24913446406977233,0.13857929849864467,0.09686263964372281,0.24903443736382982,0.4209584512171892,0.33666908028109443,0.15749566973671375,0.18783942521703306,0.26067300220312867,0.2461766214262232,0.17347678177151557,0.2544327225389521,0.2405956365230285,0.3807764652094395,0.3033804986831535,0.1766882799159227,0.19970750098926898,0.1576131497084501,0.1946472513178632,0.42027496006133225,0.33941569793761944,0.1201197155469123,0.4197062644272261,0.33486632401189714,0.1716901357160829,0.18955277594884032,0.2686575831016068,0.17463112675129105,0.18578157451166807,0.2658095065268504,0.27528239291991685,0.17579945936078373,0.2626871686578512,0.2329139010681822,0.17092997049033706,0.2595316142368263,0.24939038340006273,0.38040924696592565,0.29478408273484924,0.13518274730565555,0.37902654093671745,0.303591367107663,0.19205098700978562,0.19147850295701732,0.1483723728231062,0.19168417471056803,0.2110051944383244,0.16257591696564377,0.1973556546520002,2.0,detectability_boldness_2023_d05_detection_species_summary
Hypselodoris bennetti,50,10,10; 2; 30; 5; 50,0.11530079079735947,0.14231699149890156,0.2628980429726146,0.27592562674913906,0.09449033077984702,0.23727265755530522,0.12298829951101486,0.2843261126569241,0.25618371668882645,0.0747173014836142,0.12461275549027456,0.13572663780787816,0.3019295622518748,0.2504881190982523,0.08329906644497985,0.10494386646419579,0.1288481953039132,0.2374339979009255,0.2897447714693879,0.12365394650047136,0.17603081808887835,0.11967852430096705,0.36773626501482876,0.24369335748457766,0.08056420544465875,0.2849995874468037,0.1543713045350784,0.2838043566745776,0.2818285341978937,0.08274541818275237,0.39379397401308497,0.06349664502256341,0.5392911300051836,0.0385540696700484,0.41251021870000004,0.24149547782088335,0.5261090445095384,0.20308172830700674,0.49467126398,0.41675929820060403,0.4467034934305598,0.17961665639068627,0.06352507823167264,0.0635173378049134,0.5403092954642679,0.5382965959764826,0.042137518496825795,0.035674853911468546,0.35678611016,0.40093001952,0.24203094709683698,0.2408826541979242,0.2327472217230756,0.2567684141598649,0.1994893448582973,0.19620172398778124,0.3645603950011522,0.3640630143085041,0.3776350273095656,0.41078297060663505,0.3946654903885316,0.4146608406994414,0.18162498070170074,0.17290519117488398,0.006613638594046007,0.0043049582796106465,0.007329579618966402,0.42410845374952744,0.20864180781388658,0.1593312259836923,0.14867729195638588,0.12359742010943572,0.11792893161355625,0.1597865987084625,0.09720160568565785,0.08440214917285994,0.1530326763603976,0.10446756562160982,0.042149486823391404,0.25066391614755856,0.1476803528586159,0.11247882033411415,0.20989959001417013,0.20857700327908135,0.15405028724286057,0.13958474505718657,0.20886210309196745,0.1536577346137086,0.14124907940775142,0.12267981303762804,0.11449550598063463,0.1533212992862232,0.12269528601259154,0.11598523234110557,0.15513610157695637,0.09628372223148322,0.08253317470314467,0.14673058326251107,0.09651373403784705,0.08382560316994264,0.14836868059948444,0.10447083223026184,0.04214614944194754,0.25060054055592973,0.10446470270918566,0.0421524862048161,0.25072443882596984,0.14764993884123476,0.11247241498884673,0.21012223410739947,0.14771013793102805,0.11248246701992193,0.2096758803662497,0.3105953645937172,0.17626807375951614,0.11369396799536452,0.2889962132951167,0.22271927395089275,0.14627165988675833,0.28413996489060067,0.22316401146913128,0.13491551837670107,0.27065706001305123,0.1387919242183527,0.11763581628506418,0.2129995130905924,0.1966659355950118,0.17136899559691396,0.28360013862895195,0.16934217202553942,0.08452129039210268,0.31036802925786816,0.16755004027230488,0.11892085986507579,0.297129633618134,0.2274513931490519,0.09685844128660998,0.2761240266189292,0.21211643911536793,0.15576683599438884,0.2934312903136017,0.2277812020453599,0.11966421789409663,0.2694591285868002,0.21302217564072565,0.13487381750377775,0.2463108061902096,0.1281176844128689,0.08772732492840035,0.27029864042899154,0.13284812357522566,0.12264269996690626,0.212899350150153,0.1922755932174715,0.16550863909196864,0.21169799929518188,0.1862433151416227,0.1702340890667331,3.0,detectability_boldness_2023_d05_detection_species_summary
Phyllidia elegans,40,8,10; 2; 30; 5; 50,0.07815701657628987,0.062308594448739096,0.17196128212264988,0.21736757759148895,0.04633465027373583,0.3793679357353793,0.24713108666022715,0.30498475246710605,0.316922873873823,0.07458467141049406,0.08334481377508127,0.055866491054937864,0.16065291918546684,0.1813657147447278,0.04531954519236966,0.073731724132876,0.06376028586835299,0.17462882902556623,0.22597679429794368,0.05958899222920762,0.32145168693678977,0.24302891422410028,0.36215970745287845,0.28396802230597856,0.08201463743041093,0.372604980243869,0.2900108482255698,0.3158160479143533,0.329944673479663,0.0773936487475512,0.29202986725361346,0.06289091101985073,0.7130950538995925,0.02528708860467982,0.3426294317,0.2151194313444757,0.5099235745446695,0.16137776622837935,0.41535487487499995,0.3783650281278716,0.42406533889779263,0.28502967130852275,0.06289155330325297,0.06293623738854236,0.7126313392739195,0.71354562238891,0.02883588016465869,0.023730118638465036,0.346253912225,0.33702005025,0.21551383042813738,0.2146907451730166,0.21654265467772454,0.22028215576104979,0.16640291873941954,0.1581201613147126,0.38630739245679263,0.3696303068220808,0.37980184192720234,0.37594738380237097,0.39644804957154733,0.3918056003048645,0.30439988734592427,0.2593273875964402,0.0022231931405566423,0.0011388484590575125,0.0026939162095871026,0.33166188994600854,0.31000255635691637,0.2835364881911124,0.17952595140247712,0.05597546079928354,0.042155345217318,0.11629343794640996,0.04207185829057897,0.026957787313576186,0.10696755820979706,0.1254895933165367,0.05672402853240997,0.20644962956390578,0.045391761503688045,0.03541729431283846,0.20425708978738327,0.3095992638421995,0.2766822695398251,0.1708576933573706,0.3093875288432531,0.27755588762546723,0.17463018822797688,0.05594367284246675,0.04174334061394676,0.11172836584661686,0.055792240637226084,0.041849427812924354,0.11267126298771864,0.04201921225979914,0.02694014369685086,0.10262605052837073,0.04197090678164136,0.027041501488278906,0.1034358950394217,0.12551884500852278,0.0567320444507878,0.20643731986726777,0.12546070429112977,0.056716063733432596,0.2064616919825725,0.045389180318061884,0.03538668432563586,0.20421228944102246,0.04539424514723571,0.03544672108470468,0.20429977344813482,0.32452551189863793,0.1993213314411306,0.0858687233211032,0.25203751294484544,0.16802536472266819,0.09918061817803527,0.24317828881162126,0.15525708437585023,0.08823588036927268,0.2891712728219291,0.1756257181721901,0.09655313820786986,0.07473742390463647,0.0461533937460781,0.11255879541861495,0.3304428187701977,0.2095725109173133,0.06691256435623971,0.31737036134027174,0.18938323338887603,0.09125853312622309,0.2541633621571938,0.17159779922427415,0.0701113464869862,0.24939923331007643,0.1734843481362927,0.11142496047663297,0.24546120285774253,0.15851185041304552,0.08485287365593917,0.24035053017926736,0.16029228570383822,0.09189966662658262,0.29536977443264595,0.1787373420195419,0.07567873649993156,0.2816669885731612,0.16698430681836676,0.1019360741139411,0.07241024720905287,0.04325855276340457,0.11041433839009607,0.07822195661744542,0.0484156402341155,0.11604918872325451,2.0,detectability_boldness_2023_d05_detection_species_summary
Phyllidia ocellata,115,23,10; 2; 30; 5; 50,0.5649626910334955,0.5136246525559236,0.2135673075033806,0.2211568864701231,0.03638975514957043,0.3525101764660799,0.3024515447408654,0.43408304755989396,0.41447581852417165,0.13694649271974935,0.5658603191207248,0.4359326810331901,0.2029602863040949,0.18546017596156428,0.0388605495483064,0.557459498389687,0.5559962914881048,0.22053948496147788,0.22190065071216536,0.04227453314540629,0.2770323680718897,0.25835412448361456,0.43775438744957523,0.3834360821627454,0.14990227657795352,0.38863398056811066,0.4204224583345802,0.4543613407219916,0.4156758556613539,0.1241847918279934,0.45497166136619177,0.2752854981132558,0.5909428909498433,0.1626163244259634,0.3012307564086957,0.47991456213219796,0.6968586199238567,0.4413843580135658,0.6106082292347826,0.3950444599200733,0.6225531542413054,0.5179869286787031,0.2763596375939737,0.27442240457563005,0.5916595593947095,0.5902058123167409,0.17587868387965688,0.1608362273862952,0.29800825719130436,0.30154967073913047,0.48173565198971763,0.478032527066826,0.2869170252329455,0.2857957879125001,0.44698530063750763,0.44255010381397397,0.6392843833300661,0.6343520314323317,0.3935377427147119,0.39510971257483607,0.6044065581281234,0.6057641309721671,0.5105207068001247,0.5152289427000415,0.0022225908782664504,0.0012558737575724685,0.0024344571474954075,0.4678533618959328,0.14476211777021433,0.17801676245680056,0.2182581147126789,0.5930519402053231,0.5323751202675843,0.1530294423731391,0.5205978744396049,0.4686067410392302,0.1577664299145972,0.1066093727672655,0.07110243912129326,0.3869003900906155,0.381605923682545,0.33177213879171497,0.31228066912771035,0.14405766697305958,0.17732287912016254,0.21321642573101368,0.14404966221658133,0.17713495039056473,0.21664919211014985,0.591465544834061,0.5343074278341302,0.1495879635231866,0.5903203735575243,0.533784863483633,0.15023186747824388,0.5181428012244366,0.4743743265972528,0.15406073821148136,0.5180805691169833,0.4744357076738118,0.15460147961165888,0.10670141048504786,0.07113814575941729,0.38675785438574306,0.10651772476173156,0.0710666765154863,0.38704176937733337,0.3815109411092043,0.33183658144807726,0.3125952361683628,0.3816996901265747,0.33169933378724925,0.3119664029693993,0.24201316141228899,0.3714200903101153,0.27258045736728664,0.25312192713397036,0.3060503390177451,0.19866124699444251,0.2701022075142588,0.28833408336565164,0.1578970684929501,0.2174900949850644,0.32319418868995925,0.29803584059183585,0.5037404045509237,0.4128194993018207,0.19471940227334655,0.23844324722504232,0.3693465750546886,0.2082365719824737,0.24559710434812718,0.3806219548546788,0.30061737872844596,0.25273170150404844,0.3122987189641503,0.14207473536665763,0.2534933976402392,0.3161689152775412,0.22021548935726332,0.26995146857270647,0.294346630047632,0.15362493869230046,0.27022339233487874,0.2977977016565286,0.16223923990275918,0.21372309686651705,0.3080019135559288,0.2283176977766098,0.22126946074678105,0.33588734557912386,0.3283890142271992,0.4884828814264846,0.3885492545823605,0.1902106790342699,0.5279528558453861,0.4328455475707326,0.20186049106903856,2.0,detectability_boldness_2023_d05_detection_species_summary
Phyllidia varicosa,40,8,10; 2; 30; 5; 50,0.19246989234221668,0.19901376774158921,0.25153665723055696,0.30852795571620373,0.09237370620775823,0.3500217304415791,0.3284485730192404,0.505833352017601,0.4164758811517439,0.11779449838711287,0.19329607110530195,0.15773396498673514,0.21943586820812921,0.2687909858034173,0.09503163020964783,0.19192049867182237,0.21966144116434388,0.2566009778202055,0.31294978085309744,0.10431805512386223,0.3218437970187635,0.32525204103459765,0.481355183419699,0.3499416137455861,0.1071992195314911,0.30771359904717355,0.361376403215477,0.5192134391588642,0.4578741324253704,0.13970988630934983,0.3447838470884183,0.08621572990946294,0.4541920355856687,0.06159439159282197,0.15874907707500002,0.30368927494004166,0.46604830400310615,0.32500551176536885,0.49756850804999997,0.20615023273834648,0.480736741661884,0.305421021427992,0.08626016929576005,0.08623257848294952,0.4543731980988516,0.4540009212578332,0.0628957720902495,0.06489931911514217,0.14950283347499999,0.16916765855,0.30456769604272005,0.30275837361966657,0.20961359904971105,0.21063113973488184,0.3220839116165516,0.33208913700426385,0.5088584996752891,0.5281923279692139,0.2013416145925703,0.21155046673536243,0.4675239342719351,0.4846394863381594,0.329432158946838,0.27450976349597733,0.0024442017800705676,0.001281109200904125,0.0029232577488188575,0.36736424834688836,0.23441452513087557,0.20809621452348917,0.17749228219478916,0.09012593465073743,0.19148432751343156,0.29900851987322974,0.06891752903290793,0.13674942893254596,0.2927180325966168,0.11655226879356537,0.08112983089642915,0.3780669992436415,0.1846267179816529,0.1960328631006224,0.3519356624203346,0.23448921502332967,0.20237837027809288,0.16835408633098894,0.23395943198823504,0.20392050403889916,0.17302877217606955,0.08922242663703704,0.19005511768883904,0.2910549605329952,0.0882087235000755,0.18786256847990826,0.29277528877300174,0.06811705969071982,0.13704184000376493,0.28477137043937967,0.06742258022600098,0.13562810299444927,0.2864168563324089,0.11642705363867503,0.08112463254743528,0.3784729456118452,0.116675738684382,0.08113479776469383,0.37766755905319677,0.18466012227994197,0.19589571921869334,0.3518250831282558,0.18459349685083318,0.19616382241203006,0.3520421627080018,0.33213817362218034,0.4323121713690677,0.20617579734874547,0.36543881955202995,0.3460073191699221,0.15959328257904895,0.3637555709019514,0.33468863988798436,0.14366785328614512,0.307964166466938,0.38201428522711856,0.22300330817809905,0.20584689592703215,0.3122347934207013,0.3152438286712005,0.35343124273403537,0.44277179383922266,0.149508840779405,0.3053837561770516,0.4206696714784067,0.2405477685767034,0.36147338787942124,0.34249669460392457,0.11296487350680295,0.3705832177271374,0.36971561942632436,0.17848460339063252,0.3593827810138924,0.3309689955159607,0.1383474235169695,0.3694565807190931,0.3579645696524761,0.14898998527929672,0.33003195661732704,0.38001471229593065,0.16271449242801136,0.280231073384117,0.37056208297757975,0.25887472897142466,0.18034372352207043,0.272005974880251,0.31859519041594603,0.2421266598481248,0.3526531292335255,0.31153159350304527,3.0,detectability_boldness_2023_d05_detection_species_summary
Phyllidiella pustulosa,90,18,10; 2; 30; 5; 50,0.07814230136538436,0.05993108528681028,0.15678384003300425,0.17838588062699492,0.026491230164258143,0.4364240433663619,0.28288148408771446,0.28916592822699394,0.26725114793069915,0.05295265225337485,0.08162176840829544,0.05217253715757785,0.14258999238585973,0.14589682828712267,0.02855545928474451,0.07533381280605492,0.06238791676251622,0.15749504130770134,0.185417407776753,0.03360594198019798,0.35495253548038846,0.26136418201418277,0.343469933742453,0.2327445751175931,0.06079532962198684,0.44061306254121935,0.3420710418963535,0.3022054963542988,0.28483418709152153,0.057031064825873105,0.3699586363613685,0.0864837447618593,0.7808875428688882,0.0292241875242999,0.3235805748444444,0.241767585869475,0.537006826892158,0.17299240113936,0.4148345998333333,0.3899533786692286,0.45522912885947486,0.36564863793844427,0.0866782382217608,0.08635545804711924,0.780983168691061,0.7807836416808442,0.032950751462947646,0.027848623355248847,0.3286024513333333,0.3165526439222222,0.24262008569115803,0.24088200834774204,0.24036816459463314,0.24333533462351922,0.17737168993907398,0.17101396938246666,0.40457025915375,0.3904597202501084,0.39237359976722697,0.3865451249001493,0.42501752649665064,0.4215714010670903,0.3745861350003906,0.34907295418942963,0.0027949022909348766,0.00143713102285215,0.0035231780706064296,0.3410462596114361,0.1459525205033774,0.15574798433602455,0.19610140568754278,0.135692225275937,0.05219890230100476,0.06403894117994259,0.10042543583167289,0.03465725422711117,0.06092600099052705,0.1292756814855888,0.060289392748922574,0.21336868134115702,0.03194401014529102,0.022475077055573698,0.19976403556436242,0.14589927056280252,0.1533608424301342,0.18797093713790922,0.1457731320763103,0.1534629301182234,0.19163753807091333,0.1361593978016976,0.0523315432856995,0.06195186709864901,0.13559442339600664,0.05225686791416697,0.06233578899481786,0.10064959139612861,0.035080662495506294,0.05890691230751227,0.10039994361809756,0.03507218979072693,0.05923377134792937,0.1293102571083061,0.06030979178259512,0.21337639581216472,0.12924165590161857,0.0602692450180988,0.2133608715472981,0.03194054732855314,0.02246430909290841,0.19980090518137852,0.03194738693285976,0.022485215673227938,0.19972626485595657,0.30029252510554866,0.18541578669376196,0.08763733534058261,0.15173504113064223,0.16532940016691083,0.14111515068097563,0.1539998061309454,0.1606933872154797,0.12283319052951311,0.26548844838405666,0.16168990762026783,0.0983035541323569,0.06035337562035609,0.03895135046389869,0.11810065310804606,0.30395479330117275,0.19429381997532716,0.06834644008669734,0.2960243476484314,0.1782339399171299,0.09375338976443973,0.15314739422979468,0.16979557083087363,0.10020889960153644,0.15011385914438974,0.1695423142954342,0.15769937303544526,0.1554433520809379,0.16503654288778857,0.11885527131863852,0.15233840095674325,0.16481623886922148,0.12705971774533462,0.269304120117705,0.16367480571034598,0.07703092356523043,0.2610428650870193,0.1561206643667089,0.10471807391602529,0.05827479847274555,0.03687919145594896,0.11635936776855874,0.06346357574040296,0.04045961641026895,0.1212720378143989,2.0,detectability_boldness_2023_d05_detection_species_summary
