species,species_original,family,authority,body_part,chemical_defence_class,unpalatability_ps_ed50,unpalatability_tf_ed50,unpalatability_extra,toxicity_ed50,toxicity_extra,number_of_individuals,collection_location,coordinates,source_dataset_d03,d04_n_records,d04_n_individuals,d04_databases,d04_sites,d04_daytimes,d04_mean_col_mean,d04_mean_col_sd,d04_mean_col_cov,d04_mean_col_skew,d04_mean_col_kurtosis,d04_mean_lum_mean,d04_mean_lum_sd,d04_mean_lum_cov,d04_mean_lum_skew,d04_mean_lum_kurtosis,d04_mean_col_mean_hrz,d04_mean_col_sd_hrz,d04_mean_col_cov_hrz,d04_mean_col_skew_hrz,d04_mean_col_kurtosis_hrz,d04_mean_col_mean_vrt,d04_mean_col_sd_vrt,d04_mean_col_cov_vrt,d04_mean_col_skew_vrt,d04_mean_col_kurtosis_vrt,d04_mean_lum_mean_hrz,d04_mean_lum_sd_hrz,d04_mean_lum_cov_hrz,d04_mean_lum_skew_hrz,d04_mean_lum_kurtosis_hrz,d04_mean_lum_mean_vrt,d04_mean_lum_sd_vrt,d04_mean_lum_cov_vrt,d04_mean_lum_skew_vrt,d04_mean_lum_kurtosis_vrt,d04_mean_gabrat,d04_mean_caa_sc,d04_mean_caa_jc,d04_mean_caa_st,d04_mean_caa_jt,d04_mean_caa_hc,d04_mean_caa_qc,d04_mean_caa_ht,d04_mean_caa_qt,d04_mean_caa_scpl,d04_mean_caa_qcpl,d04_mean_caa_c,d04_mean_caa_sc_hrz,d04_mean_caa_sc_vrt,d04_mean_caa_jc_hrz,d04_mean_caa_jc_vrt,d04_mean_caa_st_hrz,d04_mean_caa_st_vrt,d04_mean_caa_jt_hrz,d04_mean_caa_jt_vrt,d04_mean_caa_hc_hrz,d04_mean_caa_hc_vrt,d04_mean_caa_qc_hrz,d04_mean_caa_qc_vrt,d04_mean_caa_ht_hrz,d04_mean_caa_ht_vrt,d04_mean_caa_qt_hrz,d04_mean_caa_qt_vrt,d04_mean_caa_scpl_hrz,d04_mean_caa_scpl_vrt,d04_mean_caa_qcpl_hrz,d04_mean_caa_qcpl_vrt,d04_mean_caa_c_hrz,d04_mean_caa_c_vrt,d04_mean_caa_pt,d04_mean_caa_pt_hrz,d04_mean_caa_pt_vrt,d04_mean_caa_asp,d04_mean_vca_ml,d04_mean_vca_sl,d04_mean_vca_cvl,d04_mean_vca_mdmax,d04_mean_vca_sdmax,d04_mean_vca_cvdmax,d04_mean_vca_mssat,d04_mean_vca_sssat,d04_mean_vca_cvssat,d04_mean_vca_msl,d04_mean_vca_ssl,d04_mean_vca_cvsl,d04_mean_vca_ms,d04_mean_vca_ss,d04_mean_vca_cvs,d04_mean_vca_ml_hrz,d04_mean_vca_sl_hrz,d04_mean_vca_cvl_hrz,d04_mean_vca_ml_vrt,d04_mean_vca_sl_vrt,d04_mean_vca_cvl_vrt,d04_mean_vca_mdmax_hrz,d04_mean_vca_sdmax_hrz,d04_mean_vca_cvdmax_hrz,d04_mean_vca_mdmax_vrt,d04_mean_vca_sdmax_vrt,d04_mean_vca_cvdmax_vrt,d04_mean_vca_mssat_hrz,d04_mean_vca_sssat_hrz,d04_mean_vca_cvssat_hrz,d04_mean_vca_mssat_vrt,d04_mean_vca_sssat_vrt,d04_mean_vca_cvssat_vrt,d04_mean_vca_msl_hrz,d04_mean_vca_ssl_hrz,d04_mean_vca_cvsl_hrz,d04_mean_vca_msl_vrt,d04_mean_vca_ssl_vrt,d04_mean_vca_cvsl_vrt,d04_mean_vca_ms_hrz,d04_mean_vca_ss_hrz,d04_mean_vca_cvs_hrz,d04_mean_vca_ms_vrt,d04_mean_vca_ss_vrt,d04_mean_vca_cvs_vrt,d04_mean_bsa_bml,d04_mean_bsa_bsl,d04_mean_bsa_bcvl,d04_mean_bsa_bmdmax,d04_mean_bsa_bsdmax,d04_mean_bsa_bcvdmax,d04_mean_bsa_bmssat,d04_mean_bsa_bsssat,d04_mean_bsa_bcvssat,d04_mean_bsa_bmsl,d04_mean_bsa_bssl,d04_mean_bsa_bcvsl,d04_mean_bsa_bms,d04_mean_bsa_bss,d04_mean_bsa_bcvs,d04_mean_bsa_bml_hrz,d04_mean_bsa_bsl_hrz,d04_mean_bsa_bcvl_hrz,d04_mean_bsa_bml_vrt,d04_mean_bsa_bsl_vrt,d04_mean_bsa_bcvl_vrt,d04_mean_bsa_bmdmax_hrz,d04_mean_bsa_bsdmax_hrz,d04_mean_bsa_bcvdmax_hrz,d04_mean_bsa_bmdmax_vrt,d04_mean_bsa_bsdmax_vrt,d04_mean_bsa_bcvdmax_vrt,d04_mean_bsa_bmssat_hrz,d04_mean_bsa_bsssat_hrz,d04_mean_bsa_bcvssat_hrz,d04_mean_bsa_bmssat_vrt,d04_mean_bsa_bsssat_vrt,d04_mean_bsa_bcvssat_vrt,d04_mean_bsa_bmsl_hrz,d04_mean_bsa_bssl_hrz,d04_mean_bsa_bcvsl_hrz,d04_mean_bsa_bmsl_vrt,d04_mean_bsa_bssl_vrt,d04_mean_bsa_bcvsl_vrt,d04_mean_bsa_bms_hrz,d04_mean_bsa_bss_hrz,d04_mean_bsa_bcvs_hrz,d04_mean_bsa_bms_vrt,d04_mean_bsa_bss_vrt,d04_mean_bsa_bcvs_vrt,source_dataset_d04,d05_unpal_shrimp,source_dataset,d05_boldness_n_records,d05_boldness_n_individuals,d05_boldness_distances,d05_boldness_mean_col_mean,d05_boldness_mean_col_sd,d05_boldness_mean_col_cov,d05_boldness_mean_col_skew,d05_boldness_mean_col_kurtosis,d05_boldness_mean_lum_mean,d05_boldness_mean_lum_sd,d05_boldness_mean_lum_cov,d05_boldness_mean_lum_skew,d05_boldness_mean_lum_kurtosis,d05_boldness_mean_col_mean_hrz,d05_boldness_mean_col_sd_hrz,d05_boldness_mean_col_cov_hrz,d05_boldness_mean_col_skew_hrz,d05_boldness_mean_col_kurtosis_hrz,d05_boldness_mean_col_mean_vrt,d05_boldness_mean_col_sd_vrt,d05_boldness_mean_col_cov_vrt,d05_boldness_mean_col_skew_vrt,d05_boldness_mean_col_kurtosis_vrt,d05_boldness_mean_lum_mean_hrz,d05_boldness_mean_lum_sd_hrz,d05_boldness_mean_lum_cov_hrz,d05_boldness_mean_lum_skew_hrz,d05_boldness_mean_lum_kurtosis_hrz,d05_boldness_mean_lum_mean_vrt,d05_boldness_mean_lum_sd_vrt,d05_boldness_mean_lum_cov_vrt,d05_boldness_mean_lum_skew_vrt,d05_boldness_mean_lum_kurtosis_vrt,d05_boldness_mean_gabrat,d05_boldness_mean_caa_sc,d05_boldness_mean_caa_jc,d05_boldness_mean_caa_st,d05_boldness_mean_caa_jt,d05_boldness_mean_caa_hc,d05_boldness_mean_caa_qc,d05_boldness_mean_caa_ht,d05_boldness_mean_caa_qt,d05_boldness_mean_caa_scpl,d05_boldness_mean_caa_qcpl,d05_boldness_mean_caa_c,d05_boldness_mean_caa_sc_hrz,d05_boldness_mean_caa_sc_vrt,d05_boldness_mean_caa_jc_hrz,d05_boldness_mean_caa_jc_vrt,d05_boldness_mean_caa_st_hrz,d05_boldness_mean_caa_st_vrt,d05_boldness_mean_caa_jt_hrz,d05_boldness_mean_caa_jt_vrt,d05_boldness_mean_caa_hc_hrz,d05_boldness_mean_caa_hc_vrt,d05_boldness_mean_caa_qc_hrz,d05_boldness_mean_caa_qc_vrt,d05_boldness_mean_caa_ht_hrz,d05_boldness_mean_caa_ht_vrt,d05_boldness_mean_caa_qt_hrz,d05_boldness_mean_caa_qt_vrt,d05_boldness_mean_caa_scpl_hrz,d05_boldness_mean_caa_scpl_vrt,d05_boldness_mean_caa_qcpl_hrz,d05_boldness_mean_caa_qcpl_vrt,d05_boldness_mean_caa_c_hrz,d05_boldness_mean_caa_c_vrt,d05_boldness_mean_caa_pt,d05_boldness_mean_caa_pt_hrz,d05_boldness_mean_caa_pt_vrt,d05_boldness_mean_caa_asp,d05_boldness_mean_vca_ml,d05_boldness_mean_vca_sl,d05_boldness_mean_vca_cvl,d05_boldness_mean_vca_mdmax,d05_boldness_mean_vca_sdmax,d05_boldness_mean_vca_cvdmax,d05_boldness_mean_vca_mssat,d05_boldness_mean_vca_sssat,d05_boldness_mean_vca_cvssat,d05_boldness_mean_vca_msl,d05_boldness_mean_vca_ssl,d05_boldness_mean_vca_cvsl,d05_boldness_mean_vca_ms,d05_boldness_mean_vca_ss,d05_boldness_mean_vca_cvs,d05_boldness_mean_vca_ml_hrz,d05_boldness_mean_vca_sl_hrz,d05_boldness_mean_vca_cvl_hrz,d05_boldness_mean_vca_ml_vrt,d05_boldness_mean_vca_sl_vrt,d05_boldness_mean_vca_cvl_vrt,d05_boldness_mean_vca_mdmax_hrz,d05_boldness_mean_vca_sdmax_hrz,d05_boldness_mean_vca_cvdmax_hrz,d05_boldness_mean_vca_mdmax_vrt,d05_boldness_mean_vca_sdmax_vrt,d05_boldness_mean_vca_cvdmax_vrt,d05_boldness_mean_vca_mssat_hrz,d05_boldness_mean_vca_sssat_hrz,d05_boldness_mean_vca_cvssat_hrz,d05_boldness_mean_vca_mssat_vrt,d05_boldness_mean_vca_sssat_vrt,d05_boldness_mean_vca_cvssat_vrt,d05_boldness_mean_vca_msl_hrz,d05_boldness_mean_vca_ssl_hrz,d05_boldness_mean_vca_cvsl_hrz,d05_boldness_mean_vca_msl_vrt,d05_boldness_mean_vca_ssl_vrt,d05_boldness_mean_vca_cvsl_vrt,d05_boldness_mean_vca_ms_hrz,d05_boldness_mean_vca_ss_hrz,d05_boldness_mean_vca_cvs_hrz,d05_boldness_mean_vca_ms_vrt,d05_boldness_mean_vca_ss_vrt,d05_boldness_mean_vca_cvs_vrt,d05_boldness_mean_bsa_bml,d05_boldness_mean_bsa_bsl,d05_boldness_mean_bsa_bcvl,d05_boldness_mean_bsa_bmdmax,d05_boldness_mean_bsa_bsdmax,d05_boldness_mean_bsa_bcvdmax,d05_boldness_mean_bsa_bmssat,d05_boldness_mean_bsa_bsssat,d05_boldness_mean_bsa_bcvssat,d05_boldness_mean_bsa_bmsl,d05_boldness_mean_bsa_bssl,d05_boldness_mean_bsa_bcvsl,d05_boldness_mean_bsa_bms,d05_boldness_mean_bsa_bss,d05_boldness_mean_bsa_bcvs,d05_boldness_mean_bsa_bml_hrz,d05_boldness_mean_bsa_bsl_hrz,d05_boldness_mean_bsa_bcvl_hrz,d05_boldness_mean_bsa_bml_vrt,d05_boldness_mean_bsa_bsl_vrt,d05_boldness_mean_bsa_bcvl_vrt,d05_boldness_mean_bsa_bmdmax_hrz,d05_boldness_mean_bsa_bsdmax_hrz,d05_boldness_mean_bsa_bcvdmax_hrz,d05_boldness_mean_bsa_bmdmax_vrt,d05_boldness_mean_bsa_bsdmax_vrt,d05_boldness_mean_bsa_bcvdmax_vrt,d05_boldness_mean_bsa_bmssat_hrz,d05_boldness_mean_bsa_bsssat_hrz,d05_boldness_mean_bsa_bcvssat_hrz,d05_boldness_mean_bsa_bmssat_vrt,d05_boldness_mean_bsa_bsssat_vrt,d05_boldness_mean_bsa_bcvssat_vrt,d05_boldness_mean_bsa_bmsl_hrz,d05_boldness_mean_bsa_bssl_hrz,d05_boldness_mean_bsa_bcvsl_hrz,d05_boldness_mean_bsa_bmsl_vrt,d05_boldness_mean_bsa_bssl_vrt,d05_boldness_mean_bsa_bcvsl_vrt,d05_boldness_mean_bsa_bms_hrz,d05_boldness_mean_bsa_bss_hrz,d05_boldness_mean_bsa_bcvs_hrz,d05_boldness_mean_bsa_bms_vrt,d05_boldness_mean_bsa_bss_vrt,d05_boldness_mean_bsa_bcvs_vrt,d05_boldness_mean_chem_grp,source_dataset_boldness,d05_detection_n_records,d05_detection_n_individuals,d05_detection_distances,d05_detection_mean_col_mean,d05_detection_mean_col_sd,d05_detection_mean_col_cov,d05_detection_mean_col_skew,d05_detection_mean_col_kurtosis,d05_detection_mean_lum_mean,d05_detection_mean_lum_sd,d05_detection_mean_lum_cov,d05_detection_mean_lum_skew,d05_detection_mean_lum_kurtosis,d05_detection_mean_col_mean_hrz,d05_detection_mean_col_sd_hrz,d05_detection_mean_col_cov_hrz,d05_detection_mean_col_skew_hrz,d05_detection_mean_col_kurtosis_hrz,d05_detection_mean_col_mean_vrt,d05_detection_mean_col_sd_vrt,d05_detection_mean_col_cov_vrt,d05_detection_mean_col_skew_vrt,d05_detection_mean_col_kurtosis_vrt,d05_detection_mean_lum_mean_hrz,d05_detection_mean_lum_sd_hrz,d05_detection_mean_lum_cov_hrz,d05_detection_mean_lum_skew_hrz,d05_detection_mean_lum_kurtosis_hrz,d05_detection_mean_lum_mean_vrt,d05_detection_mean_lum_sd_vrt,d05_detection_mean_lum_cov_vrt,d05_detection_mean_lum_skew_vrt,d05_detection_mean_lum_kurtosis_vrt,d05_detection_mean_gabrat,d05_detection_mean_caa_sc,d05_detection_mean_caa_jc,d05_detection_mean_caa_st,d05_detection_mean_caa_jt,d05_detection_mean_caa_hc,d05_detection_mean_caa_qc,d05_detection_mean_caa_ht,d05_detection_mean_caa_qt,d05_detection_mean_caa_scpl,d05_detection_mean_caa_qcpl,d05_detection_mean_caa_c,d05_detection_mean_caa_sc_hrz,d05_detection_mean_caa_sc_vrt,d05_detection_mean_caa_jc_hrz,d05_detection_mean_caa_jc_vrt,d05_detection_mean_caa_st_hrz,d05_detection_mean_caa_st_vrt,d05_detection_mean_caa_jt_hrz,d05_detection_mean_caa_jt_vrt,d05_detection_mean_caa_hc_hrz,d05_detection_mean_caa_hc_vrt,d05_detection_mean_caa_qc_hrz,d05_detection_mean_caa_qc_vrt,d05_detection_mean_caa_ht_hrz,d05_detection_mean_caa_ht_vrt,d05_detection_mean_caa_qt_hrz,d05_detection_mean_caa_qt_vrt,d05_detection_mean_caa_scpl_hrz,d05_detection_mean_caa_scpl_vrt,d05_detection_mean_caa_qcpl_hrz,d05_detection_mean_caa_qcpl_vrt,d05_detection_mean_caa_c_hrz,d05_detection_mean_caa_c_vrt,d05_detection_mean_caa_pt,d05_detection_mean_caa_pt_hrz,d05_detection_mean_caa_pt_vrt,d05_detection_mean_caa_asp,d05_detection_mean_vca_ml,d05_detection_mean_vca_sl,d05_detection_mean_vca_cvl,d05_detection_mean_vca_mdmax,d05_detection_mean_vca_sdmax,d05_detection_mean_vca_cvdmax,d05_detection_mean_vca_mssat,d05_detection_mean_vca_sssat,d05_detection_mean_vca_cvssat,d05_detection_mean_vca_msl,d05_detection_mean_vca_ssl,d05_detection_mean_vca_cvsl,d05_detection_mean_vca_ms,d05_detection_mean_vca_ss,d05_detection_mean_vca_cvs,d05_detection_mean_vca_ml_hrz,d05_detection_mean_vca_sl_hrz,d05_detection_mean_vca_cvl_hrz,d05_detection_mean_vca_ml_vrt,d05_detection_mean_vca_sl_vrt,d05_detection_mean_vca_cvl_vrt,d05_detection_mean_vca_mdmax_hrz,d05_detection_mean_vca_sdmax_hrz,d05_detection_mean_vca_cvdmax_hrz,d05_detection_mean_vca_mdmax_vrt,d05_detection_mean_vca_sdmax_vrt,d05_detection_mean_vca_cvdmax_vrt,d05_detection_mean_vca_mssat_hrz,d05_detection_mean_vca_sssat_hrz,d05_detection_mean_vca_cvssat_hrz,d05_detection_mean_vca_mssat_vrt,d05_detection_mean_vca_sssat_vrt,d05_detection_mean_vca_cvssat_vrt,d05_detection_mean_vca_msl_hrz,d05_detection_mean_vca_ssl_hrz,d05_detection_mean_vca_cvsl_hrz,d05_detection_mean_vca_msl_vrt,d05_detection_mean_vca_ssl_vrt,d05_detection_mean_vca_cvsl_vrt,d05_detection_mean_vca_ms_hrz,d05_detection_mean_vca_ss_hrz,d05_detection_mean_vca_cvs_hrz,d05_detection_mean_vca_ms_vrt,d05_detection_mean_vca_ss_vrt,d05_detection_mean_vca_cvs_vrt,d05_detection_mean_bsa_bml,d05_detection_mean_bsa_bsl,d05_detection_mean_bsa_bcvl,d05_detection_mean_bsa_bmdmax,d05_detection_mean_bsa_bsdmax,d05_detection_mean_bsa_bcvdmax,d05_detection_mean_bsa_bmssat,d05_detection_mean_bsa_bsssat,d05_detection_mean_bsa_bcvssat,d05_detection_mean_bsa_bmsl,d05_detection_mean_bsa_bssl,d05_detection_mean_bsa_bcvsl,d05_detection_mean_bsa_bms,d05_detection_mean_bsa_bss,d05_detection_mean_bsa_bcvs,d05_detection_mean_bsa_bml_hrz,d05_detection_mean_bsa_bsl_hrz,d05_detection_mean_bsa_bcvl_hrz,d05_detection_mean_bsa_bml_vrt,d05_detection_mean_bsa_bsl_vrt,d05_detection_mean_bsa_bcvl_vrt,d05_detection_mean_bsa_bmdmax_hrz,d05_detection_mean_bsa_bsdmax_hrz,d05_detection_mean_bsa_bcvdmax_hrz,d05_detection_mean_bsa_bmdmax_vrt,d05_detection_mean_bsa_bsdmax_vrt,d05_detection_mean_bsa_bcvdmax_vrt,d05_detection_mean_bsa_bmssat_hrz,d05_detection_mean_bsa_bsssat_hrz,d05_detection_mean_bsa_bcvssat_hrz,d05_detection_mean_bsa_bmssat_vrt,d05_detection_mean_bsa_bsssat_vrt,d05_detection_mean_bsa_bcvssat_vrt,d05_detection_mean_bsa_bmsl_hrz,d05_detection_mean_bsa_bssl_hrz,d05_detection_mean_bsa_bcvsl_hrz,d05_detection_mean_bsa_bmsl_vrt,d05_detection_mean_bsa_bssl_vrt,d05_detection_mean_bsa_bcvsl_vrt,d05_detection_mean_bsa_bms_hrz,d05_detection_mean_bsa_bss_hrz,d05_detection_mean_bsa_bcvs_hrz,d05_detection_mean_bsa_bms_vrt,d05_detection_mean_bsa_bss_vrt,d05_detection_mean_bsa_bcvs_vrt,d05_detection_mean_chem_grp,source_dataset_detection
Aphelodoris varia,Aphelodoris varia,Dorididae,"Abraham, 1877",WB,NR; WR/NR,nr,,> 1,nr,1,7.0,"Nelson Bay, NSW; Sydney, NSW",32o72’S; 152o15’E; 34o04’S; 151o09’E,chemical_defence_modes_Table_S1_species_summary,31,31,animals_on_background; animals_only,NB; NF; NL; NP,D; N,0.2059608071935484,0.4094126176129032,1.9940793755806452,4.075810157967742,29.68527081612903,0.871378862451613,1.7023103901935484,1.9771548587741934,4.146632705,32.4878238232258,0.11325444948387096,0.2853209874516129,2.518829279258065,6.04776353067742,60.57194370451613,0.09565218616129031,0.23854823148387097,2.508701863322581,6.624084500258065,73.01470509161291,0.4781172827419355,1.1950401599032259,2.517678119516129,6.130394832,64.56667943225806,0.39450057587096776,0.9958222983870968,2.568154542451613,7.070798225838709,86.93980635580645,0.3284710307096774,3.0469543758709676,0.47679984825806454,4.309791176096774,0.3158999850322581,1.181467757451613,0.6388390763548387,1.648541562967742,0.6831077531612904,0.39634991661290325,0.6609734146774193,0.03245212696774194,3.0453445392580645,3.0485397723548386,0.4765454432580645,0.4770508779354839,4.249658677580645,4.375607542387097,0.314346667,0.31740713551612904,1.1809526529032257,1.1819724032903227,0.4735604758387097,0.47543579290322585,1.6366425572258063,1.6563462891290324,0.9030764208064517,0.9118526892580645,0.39544605516129033,0.39722900667741934,0.6883184483548387,0.693644241032258,0.03536500693548387,0.029543155,12103.413019758063,60.38934082258064,64.76871658290322,0.4601041559677419,0.09725814780645162,0.03651723558064516,0.3982103455483871,0.18669561458064518,0.048011943645161294,0.2612934564516129,4.89474782448387,1.2351531516129033,0.25289784203225807,16.827126882258067,9.243145679903227,0.5466082498064516,3.426702060483871,1.5520930340645163,0.46149233503225806,0.097699263,0.03635262061290322,0.3942425403870968,0.09765994225806451,0.036371887903225805,0.39463935151612906,0.18713745796774192,0.047604932161290324,0.25837033551612903,0.18711850206451613,0.04760221851612903,0.2584232198709678,4.903213279032258,1.2252771133225808,0.25033030874193546,4.9031126175806445,1.2253434031290322,0.25037049129032257,16.82857464903226,9.243273344612904,0.5465607869354838,16.825691181935483,9.243017195741935,0.5466552193870968,3.426892019580645,1.5521279525806453,0.4614850064516129,3.4265145156451613,1.5520583678709678,0.4614994466774193,0.2513430603548387,0.08380289958064516,0.33764593309677415,0.19320713758064514,0.1566029117096774,0.825568084548387,0.18373418993548388,0.14815464348387095,0.8301236018387097,10.400712438129032,3.742250228935484,0.3636211498709677,2.3224909831612903,1.0995748435483872,0.4806542417096774,0.2522296389032258,0.08416961874193549,0.33815604038709673,0.25025934483870965,0.08318422803225807,0.33622657106451614,0.19227922967741937,0.15647106241935485,0.8259990028709677,0.194425386,0.15686346725806452,0.8251717485161291,0.18275155248387095,0.14807765835483871,0.8330854291612904,0.1850304982580645,0.14836818058064516,0.8268410356774193,10.442087029516129,3.7688330437741935,0.36487902577419357,10.350160744677419,3.700977759419355,0.3610734080967742,2.321097857935484,1.0951216041935485,0.47918101429032256,2.3242948918387096,1.103801162096774,0.4815388854193548,colour_defence_2024_species_metrics_summary,0.0,detectability_boldness_2023_toxicity,120,24,10; 2; 30; 5; 50,0.11018548998907286,0.0971447936578984,0.21307127622862979,0.26730920757353893,0.06809332297672839,0.18558763285570903,0.13201963955527798,0.39002434082152077,0.4278208685721395,0.15504169408371407,0.11609645338510807,0.08479168007134183,0.19291423888562592,0.22312480978599625,0.06403526579657601,0.10557694873845441,0.10110654663014457,0.21676757340784164,0.27819099144166926,0.08230500368914455,0.18169368522069126,0.14382583085689318,0.40157547185904124,0.373733597635313,0.14919247055101273,0.184315052677154,0.1593234777475529,0.39967074830578164,0.45827617610676263,0.1709910377197383,0.3849913376925985,0.10405790464135606,0.5577096046920338,0.03804244796365632,0.4570383079166667,0.3050933996167598,0.6605129949879809,0.22435290076954675,0.5352151908416667,0.5149113835818974,0.55359316966826,0.23140344441149058,0.10437154272405941,0.10382624113447995,0.5581644672824378,0.5572493499654523,0.04137317268537219,0.03783331906352824,0.45523541989166666,0.45822506590833334,0.30624647812627526,0.30390407819184306,0.2943100462755848,0.29873620909733234,0.2253745461694779,0.2265304668469464,0.48332244835408805,0.4861447167216069,0.5139696251825586,0.5155682701764037,0.5129227833363402,0.5218244122086317,0.24082724000668373,0.21706193698023318,0.011479596550662228,0.006585853385521889,0.012963998218817874,0.5095594018863708,0.2684315177520344,0.25343672997871475,0.19930936389291062,0.2962929074645231,0.11169111162773865,0.061335693661254485,0.23656950740460653,0.07291337513324567,0.052929278872163595,0.13989795877726982,0.05805644487617877,0.285729220587869,0.1264710505371717,0.06648088966256037,0.23264411524033865,0.26737724863085727,0.2472097684139499,0.19078816435550622,0.2676100123963698,0.24766935538244697,0.19423946986807625,0.2987625388612562,0.11133729808845573,0.05849619878084598,0.29750017823891206,0.11092208569589866,0.05881630449583033,0.23814397824070355,0.07336768450458855,0.05045922171305237,0.23754261120871145,0.07315710667179769,0.05068823465023265,0.13990674100048464,0.058057266311116164,0.285710146562015,0.1398891588704083,0.05805551553914149,0.28574777580644356,0.12646251807681513,0.06646327133386688,0.2327339593170467,0.12647928430984368,0.06649683712163869,0.23255406954430877,0.3596790328633228,0.1851760826048273,0.11217791323320961,0.16942232476304456,0.20604229202593757,0.26554375184957607,0.1513502943897201,0.1948888243150434,0.2588013135427052,0.31209853566457985,0.14826664412068472,0.11866506731331701,0.21089645463550413,0.11341998233977152,0.16212303797998126,0.3601605953529086,0.18748932431139004,0.08568881456792214,0.35888560396740576,0.18541654928306622,0.12290422122540946,0.16861964356951964,0.20753714189476427,0.1877652393127815,0.17038951939936473,0.21615823574616314,0.2980324404868589,0.15052873504254055,0.1964119713229097,0.251535235545664,0.15235879265468175,0.20422134068270512,0.2670575165439399,0.31254938815895045,0.14454707388276786,0.09099954780535405,0.3113587278007928,0.14979676477888218,0.12965667694070762,0.2010503542738547,0.10413496827493482,0.15792864815287733,0.22498216990753261,0.12184559496383486,0.16816186070838363,1.0,detectability_boldness_2023_d05_boldness_species_summary,120,24,10; 2; 30; 5; 50,0.11018548998907286,0.0971447936578984,0.21307127622862979,0.26730920757353893,0.06809332297672839,0.18558763285570903,0.13201963955527798,0.39002434082152077,0.4278208685721395,0.15504169408371407,0.11609645338510807,0.08479168007134183,0.19291423888562592,0.22312480978599625,0.06403526579657601,0.10557694873845441,0.10110654663014457,0.21676757340784164,0.27819099144166926,0.08230500368914455,0.18169368522069126,0.14382583085689318,0.40157547185904124,0.373733597635313,0.14919247055101273,0.184315052677154,0.1593234777475529,0.39967074830578164,0.45827617610676263,0.1709910377197383,0.3849913376925985,0.10405790464135606,0.5577096046920338,0.03804244796365632,0.4570383079166667,0.3050933996167598,0.6605129949879809,0.22435290076954675,0.5352151908416667,0.5149113835818974,0.55359316966826,0.23140344441149058,0.10437154272405941,0.10382624113447995,0.5581644672824378,0.5572493499654523,0.04137317268537219,0.03783331906352824,0.45523541989166666,0.45822506590833334,0.30624647812627526,0.30390407819184306,0.2943100462755848,0.29873620909733234,0.2253745461694779,0.2265304668469464,0.48332244835408805,0.4861447167216069,0.5139696251825586,0.5155682701764037,0.5129227833363402,0.5218244122086317,0.24082724000668373,0.21706193698023318,0.011479596550662228,0.006585853385521889,0.012963998218817874,0.5095594018863708,0.2684315177520344,0.25343672997871475,0.19930936389291062,0.2962929074645231,0.11169111162773865,0.061335693661254485,0.23656950740460653,0.07291337513324567,0.052929278872163595,0.13989795877726982,0.05805644487617877,0.285729220587869,0.1264710505371717,0.06648088966256037,0.23264411524033865,0.26737724863085727,0.2472097684139499,0.19078816435550622,0.2676100123963698,0.24766935538244697,0.19423946986807625,0.2987625388612562,0.11133729808845573,0.05849619878084598,0.29750017823891206,0.11092208569589866,0.05881630449583033,0.23814397824070355,0.07336768450458855,0.05045922171305237,0.23754261120871145,0.07315710667179769,0.05068823465023265,0.13990674100048464,0.058057266311116164,0.285710146562015,0.1398891588704083,0.05805551553914149,0.28574777580644356,0.12646251807681513,0.06646327133386688,0.2327339593170467,0.12647928430984368,0.06649683712163869,0.23255406954430877,0.3596790328633228,0.1851760826048273,0.11217791323320961,0.16942232476304456,0.20604229202593757,0.26554375184957607,0.1513502943897201,0.1948888243150434,0.2588013135427052,0.31209853566457985,0.14826664412068472,0.11866506731331701,0.21089645463550413,0.11341998233977152,0.16212303797998126,0.3601605953529086,0.18748932431139004,0.08568881456792214,0.35888560396740576,0.18541654928306622,0.12290422122540946,0.16861964356951964,0.20753714189476427,0.1877652393127815,0.17038951939936473,0.21615823574616314,0.2980324404868589,0.15052873504254055,0.1964119713229097,0.251535235545664,0.15235879265468175,0.20422134068270512,0.2670575165439399,0.31254938815895045,0.14454707388276786,0.09099954780535405,0.3113587278007928,0.14979676477888218,0.12965667694070762,0.2010503542738547,0.10413496827493482,0.15792864815287733,0.22498216990753261,0.12184559496383486,0.16816186070838363,1.0,detectability_boldness_2023_d05_detection_species_summary
Doriprismatica atromarginata,Doriprismatica atromarginata; Doriprismatica atromarginata (2),Chromodorididae,"Cuvier, 1804",WB,I&II,0.15; 0.37,0.07,0.2; 0.54,0.07,,84.0,"Mackay, NE QLD (1)
Mooloolaba, SE QLD (24)
North Stradbroke Island, SE QLD (15)
Coffs Harbour, NE NSW (7)
Nelson Bay, NSW (1); Mooloolaba, SE QLD","21o39’S; 150o16’E
26o40’S; 153°07’E
27°41’S; 153°53’E
30°18’S; 153°09’E
32°72’S; 152°15’E; 26o40’S; 153o07’E",chemical_defence_modes_Table_S1_species_summary,15,15,animals_on_background; animals_only,NB; NF; NL; NP,D; N,0.15317158020000002,0.3255651968,2.1243943946,3.4609977670000003,19.89688449133333,1.0600544605333333,2.8690864627333337,2.697719256,4.6778289342,30.055386282000004,0.07769019860000001,0.21188982660000003,2.7283205248,5.679295585866667,47.32570054533333,0.07758022433333332,0.21458263000000002,2.762425319666667,5.740631336466667,48.64794755733333,0.5301960038666667,1.9019655833333333,3.5831315446,7.315563141066666,68.25885722333334,0.5300633652666666,1.9446450999333333,3.6515604090666667,7.327448403533333,68.80251199000001,0.2339157260666667,1.928130044,0.3345865635333334,3.726684085,0.27908917800000005,0.8616744558,0.4892168300666667,1.4982057425333333,0.6470364920666667,0.30683787079999997,0.5681266610000001,0.027895030866666667,1.9276150781999999,1.928629361,0.33446958686666667,0.33470094040000004,3.6506244432666666,3.7968996427999997,0.2769326178,0.28110787606666665,0.8612946815333333,0.8620341146,0.3784292028,0.3717373412,1.4744971829333333,1.5162183434666665,0.8398497179333333,0.8600792536666667,0.30570110226666664,0.30790440826666665,0.6091394604666667,0.6159082975333334,0.0277311468,0.0280603598,2219.9349515599997,42.737128078,40.96306591933333,0.5061296773333334,0.23778150879999999,0.0774080106,0.3181542267333333,0.1213177412,0.02612533313333333,0.2158854388,2.8807043474666667,0.5803222244,0.20128293526666668,21.091204457333333,11.7399333564,0.5595255043999999,2.150707530533333,1.0750543162666666,0.5173809785333333,0.23936887806666668,0.07611262533333334,0.31047633813333336,0.23932731659999998,0.07608546286666668,0.3104301178666667,0.12182744473333333,0.025504060933333336,0.20987554700000002,0.12183662706666666,0.025528229533333332,0.20988014906666666,2.891272127733333,0.5666357752666666,0.19581049073333334,2.8914481249333335,0.5675446079333334,0.19592595419999997,21.093332544000003,11.7403507848,0.5594789892666667,21.089106276666666,11.739517628733333,0.5595713302666667,2.1506306848,1.074943392,0.5173392857333333,2.1507851978,1.0751646848,0.5174221708666666,0.3270656804666666,0.11630609046666666,0.3624599393333333,0.21804988646666665,0.13708989033333333,0.7608267966666666,0.19798118166666667,0.12517414346666667,0.7520345727333333,13.877355134,5.468676808866666,0.40052560426666667,1.3648716493333335,0.6526221975333333,0.5312916062666667,0.3249368362666667,0.1155389984,0.3627055407333334,0.3291643744,0.1172649184,0.36309341040000004,0.21763959746666667,0.13647967213333334,0.7679461384666666,0.2184329292,0.13785268993333333,0.7538287130666668,0.19808612353333332,0.12479594199999999,0.7555334791333334,0.1978418446,0.1256777082,0.7490663055333333,13.776792558,5.425894609866666,0.40061835053333333,13.976611827333333,5.5193839012,0.4013299284,1.3578889423333333,0.6412289785333333,0.5252305654666667,1.3718746304,0.6636059446666667,0.5364151156,colour_defence_2024_species_metrics_summary,0.74,detectability_boldness_2023_toxicity,135,27,10; 2; 30; 5; 50,0.061182674562273026,0.057646035674346285,0.21663281232388648,0.2131465997647368,0.04062168355484159,0.2293969765547589,0.18337108264600577,0.4292984073113456,0.3587955094135846,0.1134916988451761,0.062106669436040936,0.04747249232919839,0.19354674175306694,0.18542722986282323,0.04466177015073691,0.06091150539653915,0.06298023726386029,0.2180471285269804,0.22288212662101023,0.04908160368479343,0.1976921541543519,0.1690942773516542,0.42138910583077616,0.33098561996560183,0.12708856151531908,0.24807143501165627,0.24382588102023445,0.4401138386566249,0.3814037298168318,0.11295008924324675,0.19877653612630936,0.04722272651004345,0.5480416055763163,0.02181754160305108,0.38339347017777775,0.1870036682810532,0.4417456426602685,0.13604821785156235,0.39347697557037037,0.3935857027581152,0.38399118547128847,0.1740158311431068,0.047417466387037276,0.0470650342359157,0.5488302690195065,0.5472466115387861,0.023577547413871216,0.021723865016482775,0.3774699882740741,0.38605129671851857,0.18789231127457703,0.186083616407682,0.21775905083606337,0.22173669970056595,0.13469950345341147,0.1379640369768836,0.30911457901752715,0.3190843657932412,0.3907417260768148,0.39481365397058316,0.3494018565779327,0.3610404824024748,0.168674800702888,0.1758759333161261,0.008757635370189934,0.0061307055860952255,0.008637512634452319,0.46817950211843623,0.5992854477124857,0.4023022879366659,0.14069010703909268,0.19367131967744275,0.038841115861000766,0.03386570894248599,0.13978240209615264,0.02237054287774254,0.028882192593394765,0.16977033433578406,0.08126720150303246,0.2371226862330869,0.056129601173533814,0.034599945758982315,0.20788212762161093,0.5976690670629243,0.38808211169895257,0.1327574209235785,0.5983613481067106,0.3874626065287349,0.13472078501333531,0.19534487382651822,0.038191912719394525,0.0318063089073959,0.19451149611120358,0.03803108131231944,0.03193576557252844,0.1407960548571094,0.022205059063835134,0.02710927370385264,0.14042121376549954,0.0221412090524103,0.027205069524206045,0.1697936513128894,0.08127491196093878,0.2371004795105953,0.16974708102989486,0.08125954472036447,0.23714510590513632,0.056127292763273655,0.03458730808270919,0.20793642437759233,0.056131798265313976,0.03461136392437078,0.20782213044996126,0.3608539945852619,0.18115716466759582,0.09135418292694064,0.11434406968986267,0.12230154709822375,0.19414360405595651,0.10227877021446909,0.1048159321488242,0.1712110526130983,0.3183371312743034,0.1524438187705796,0.0998488255984143,0.08039462303131714,0.047382221679749294,0.14779807504146866,0.35889321909179106,0.17813419424736848,0.06846155095246542,0.3628197651482134,0.1852443783515347,0.10130833820224225,0.11350309960310556,0.12421867793293807,0.1386229774149287,0.11499887527955878,0.126529765152482,0.21462361857584777,0.10185470320965447,0.10681925430220313,0.16688183729119255,0.10253449238540091,0.1080919322350598,0.17500694180370213,0.3164320324353576,0.14424478619508793,0.07512109900260804,0.3202302887030689,0.15743844357710501,0.11044927634633735,0.07626964206833461,0.04366038307639825,0.14398411576741768,0.08607347955362918,0.05044595802912448,0.15126235950528422,3.0,detectability_boldness_2023_d05_boldness_species_summary,135,27,10; 2; 30; 5; 50,0.061182674562273026,0.057646035674346285,0.21663281232388648,0.2131465997647368,0.04062168355484159,0.2293969765547589,0.18337108264600577,0.4292984073113456,0.3587955094135846,0.1134916988451761,0.062106669436040936,0.04747249232919839,0.19354674175306694,0.18542722986282323,0.04466177015073691,0.06091150539653915,0.06298023726386029,0.2180471285269804,0.22288212662101023,0.04908160368479343,0.1976921541543519,0.1690942773516542,0.42138910583077616,0.33098561996560183,0.12708856151531908,0.24807143501165627,0.24382588102023445,0.4401138386566249,0.3814037298168318,0.11295008924324675,0.19877653612630936,0.04722272651004345,0.5480416055763163,0.02181754160305108,0.38339347017777775,0.1870036682810532,0.4417456426602685,0.13604821785156235,0.39347697557037037,0.3935857027581152,0.38399118547128847,0.1740158311431068,0.047417466387037276,0.0470650342359157,0.5488302690195065,0.5472466115387861,0.023577547413871216,0.021723865016482775,0.3774699882740741,0.38605129671851857,0.18789231127457703,0.186083616407682,0.21775905083606337,0.22173669970056595,0.13469950345341147,0.1379640369768836,0.30911457901752715,0.3190843657932412,0.3907417260768148,0.39481365397058316,0.3494018565779327,0.3610404824024748,0.168674800702888,0.1758759333161261,0.008757635370189934,0.0061307055860952255,0.008637512634452319,0.46817950211843623,0.5992854477124857,0.4023022879366659,0.14069010703909268,0.19367131967744275,0.038841115861000766,0.03386570894248599,0.13978240209615264,0.02237054287774254,0.028882192593394765,0.16977033433578406,0.08126720150303246,0.2371226862330869,0.056129601173533814,0.034599945758982315,0.20788212762161093,0.5976690670629243,0.38808211169895257,0.1327574209235785,0.5983613481067106,0.3874626065287349,0.13472078501333531,0.19534487382651822,0.038191912719394525,0.0318063089073959,0.19451149611120358,0.03803108131231944,0.03193576557252844,0.1407960548571094,0.022205059063835134,0.02710927370385264,0.14042121376549954,0.0221412090524103,0.027205069524206045,0.1697936513128894,0.08127491196093878,0.2371004795105953,0.16974708102989486,0.08125954472036447,0.23714510590513632,0.056127292763273655,0.03458730808270919,0.20793642437759233,0.056131798265313976,0.03461136392437078,0.20782213044996126,0.3608539945852619,0.18115716466759582,0.09135418292694064,0.11434406968986267,0.12230154709822375,0.19414360405595651,0.10227877021446909,0.1048159321488242,0.1712110526130983,0.3183371312743034,0.1524438187705796,0.0998488255984143,0.08039462303131714,0.047382221679749294,0.14779807504146866,0.35889321909179106,0.17813419424736848,0.06846155095246542,0.3628197651482134,0.1852443783515347,0.10130833820224225,0.11350309960310556,0.12421867793293807,0.1386229774149287,0.11499887527955878,0.126529765152482,0.21462361857584777,0.10185470320965447,0.10681925430220313,0.16688183729119255,0.10253449238540091,0.1080919322350598,0.17500694180370213,0.3164320324353576,0.14424478619508793,0.07512109900260804,0.3202302887030689,0.15743844357710501,0.11044927634633735,0.07626964206833461,0.04366038307639825,0.14398411576741768,0.08607347955362918,0.05044595802912448,0.15126235950528422,3.0,detectability_boldness_2023_d05_detection_species_summary
Goniobranchus collingwoodi,Goniobranchus collingwoodi,Chromodorididae,"Rudman, 1987",WB,II / WR,0.09,1.12,,nr,,1.0,"GBR, supplied by Cairns Marine Ltd. Stratford, QLD",,chemical_defence_modes_Table_S1_species_summary,20,20,animals_on_background; animals_only,NB; NF; NL; NP,D; N,0.3562512498,0.5937149943,1.66539086435,2.7102227272,16.50569028925,1.1045094768500001,1.85690325125,1.67833299255,2.4795113952000003,13.1766166797,0.1829864189,0.38033294225000003,2.07122177985,4.512897150300001,38.670465164,0.17908150015,0.375551891,2.0905906284,4.5664292895,40.299157299,0.55774104135,1.1664752259,2.08395345825,4.1487671813,31.514462945000002,0.5481237917499999,1.1612128100999999,2.1112366210499998,4.1726331451,31.914127258999997,0.2656671663,4.0380572495000004,0.46246966545,5.718311770600001,0.17008199415,1.5311324577999998,0.70654853315,1.8982494208999998,0.6510751067,0.31627582985,0.67881181985,0.0475255759,4.03797401485,4.0381191616,0.46243586745,0.46250096804999996,5.69463571985,5.7263819227,0.1687557649,0.1709694557,1.5311750483500002,1.5310735924999999,0.54794801475,0.5459960403,1.8903482286500002,1.900314933,0.8598419107499999,0.8651040565500001,0.31559581625,0.31673521195,0.7038949629,0.70555004835,0.04807988585,0.04697231395,516.1960388800001,21.3068306855,22.1548633125,0.49234983914999997,0.08111841025,0.041404948250000004,0.5103212667,0.18788340509999998,0.05086560105,0.27068584525,5.1727827599500005,1.3336231613999998,0.2562941998,14.029159863500002,9.0644800745,0.64855194075,4.62273359105,2.3173297596,0.48627299490000003,0.0812747937,0.041454561,0.50997890525,0.08128628565,0.0414557083,0.50985617525,0.1881010166,0.0505039341,0.2684837533,0.18811208305,0.05050071215,0.26839645339999996,5.17702259915,1.3226021940500001,0.2540011394,5.1772760878,1.3222843168,0.25386792365,14.029349921,9.0643646984,0.64854481795,14.028964264999999,9.06459104855,0.6485591281499999,4.6229068997,2.31747854125,0.4862876277,4.6225599188499995,2.3171796504,0.48625810495,0.2311224438,0.07751587089999999,0.344595534,0.16883243705,0.1513103459,0.9494322151500001,0.16033205820000002,0.15214033924999998,0.9902501081,9.4970554583,3.3626244423499996,0.36402852545000003,2.6295603276,1.0193272116999998,0.40104260280000004,0.23071353495000002,0.07683397565,0.34226329240000003,0.23150903175,0.07824300255,0.34704648255000003,0.16787283255000002,0.14963175165,0.94192294205,0.1697889937,0.15319313969999998,0.9588263901999999,0.1593278167,0.15053801179999998,0.9822500115,0.16133152339999998,0.15395789340000002,1.0000559742,9.479283915349999,3.33221614505,0.36146725274999997,9.5138197529,3.3942139869999997,0.366608974,2.6267310675,1.01603699985,0.39983174525,2.6321558628000004,1.0231866841500001,0.4023842235,colour_defence_2024_species_metrics_summary,0.91,detectability_boldness_2023_toxicity,75,15,10; 2; 30; 5; 50,0.16692827023985565,0.1394188143873976,0.19234068064031823,0.21749156421255283,0.0421656805981685,0.24291316267807664,0.15907182435312764,0.3402648338958567,0.3436127054994847,0.09086045928803292,0.17549624732157967,0.12169421000573434,0.17310621237028515,0.1822712933699069,0.04421025758703186,0.159308691533316,0.14251630207374594,0.19198351993735915,0.2265014412433439,0.05219770749792373,0.2207253222494669,0.16195686110518498,0.36807475733588035,0.30474060711021744,0.09820842866729258,0.24285775484423539,0.1890036949661234,0.34136910126452674,0.36167939599826,0.097262876480006,0.32127917800186884,0.1258650521144278,0.6112957125925602,0.03751122419217513,0.37766227144,0.3522483985678345,0.7404067512992238,0.232025859170333,0.5955123855866666,0.492093143085194,0.6397535564078118,0.30124614445796305,0.12618154277287524,0.12564349612372328,0.6110187599127183,0.611532635123469,0.04101438675253831,0.03699816906254403,0.3738739058933333,0.3797964867333333,0.35340034171667517,0.3510427938809309,0.4052938090435219,0.4083082438385101,0.23378454460849427,0.23366610789188394,0.48782457089055536,0.4900880565960794,0.4898519554376148,0.49351322772532286,0.5959823196520211,0.6034670131745699,0.3168629560931214,0.2791451106609917,0.004290458222210396,0.0022597436757294947,0.005210657272102338,0.48169776542119336,0.20867050805586526,0.2653118402652287,0.24772470154938095,0.2906372931621193,0.10898369157038842,0.061317459916451704,0.24675408201305374,0.07269712786501326,0.052213614540026265,0.12942174204972426,0.061503335851121506,0.3305638220385576,0.14883744733595114,0.07858818097748313,0.21778595550102064,0.20716676217369312,0.260034546075806,0.23886988138379966,0.20754007672111927,0.2607082258724258,0.24316487472359527,0.2927775567586784,0.10889480566686251,0.058655973474554625,0.2916569517641379,0.10879986737482857,0.059077304898399914,0.24830937182007456,0.07320491026533808,0.0498362731226426,0.2477286454051827,0.0732231003300875,0.05016061420852805,0.12943199623350551,0.06149262958361956,0.3304749848107654,0.1294117115424787,0.06151363874476039,0.3306500656805351,0.14882568576257402,0.07855172191942485,0.21784825972833483,0.14884887027239718,0.07862211077666566,0.21772214802995898,0.34682326244772466,0.17081984467675163,0.10580794722774924,0.13868098962860825,0.18340343209679336,0.284736880681682,0.12532256188208554,0.17639758761961308,0.27172741302130493,0.29973779520233373,0.1345830602440051,0.11070873027906553,0.23405233723436653,0.0994259634310105,0.11971531323393056,0.3466110303028903,0.17045079463059534,0.08007800986736908,0.3469855368755973,0.17464074797231488,0.1177819033154555,0.1381598341204743,0.1858776971691447,0.2029064254112175,0.13925363364703394,0.19091072919048666,0.31737742607425634,0.12490042008125539,0.1781077835037672,0.261923933850858,0.1258254035708225,0.1845927024712046,0.2823233187488842,0.29954531599787215,0.12918197831792605,0.08405541312618847,0.2998796380007033,0.13904030649246563,0.12305716307571847,0.22437218032191641,0.09212883696060677,0.1171280622057897,0.24797232491422605,0.10601744985641699,0.12402774489353087,2.0,detectability_boldness_2023_d05_boldness_species_summary,75,15,10; 2; 30; 5; 50,0.16692827023985565,0.1394188143873976,0.19234068064031823,0.21749156421255283,0.0421656805981685,0.24291316267807664,0.15907182435312764,0.3402648338958567,0.3436127054994847,0.09086045928803292,0.17549624732157967,0.12169421000573434,0.17310621237028515,0.1822712933699069,0.04421025758703186,0.159308691533316,0.14251630207374594,0.19198351993735915,0.2265014412433439,0.05219770749792373,0.2207253222494669,0.16195686110518498,0.36807475733588035,0.30474060711021744,0.09820842866729258,0.24285775484423539,0.1890036949661234,0.34136910126452674,0.36167939599826,0.097262876480006,0.32127917800186884,0.1258650521144278,0.6112957125925602,0.03751122419217513,0.37766227144,0.3522483985678345,0.7404067512992238,0.232025859170333,0.5955123855866666,0.492093143085194,0.6397535564078118,0.30124614445796305,0.12618154277287524,0.12564349612372328,0.6110187599127183,0.611532635123469,0.04101438675253831,0.03699816906254403,0.3738739058933333,0.3797964867333333,0.35340034171667517,0.3510427938809309,0.4052938090435219,0.4083082438385101,0.23378454460849427,0.23366610789188394,0.48782457089055536,0.4900880565960794,0.4898519554376148,0.49351322772532286,0.5959823196520211,0.6034670131745699,0.3168629560931214,0.2791451106609917,0.004290458222210396,0.0022597436757294947,0.005210657272102338,0.48169776542119336,0.20867050805586526,0.2653118402652287,0.24772470154938095,0.2906372931621193,0.10898369157038842,0.061317459916451704,0.24675408201305374,0.07269712786501326,0.052213614540026265,0.12942174204972426,0.061503335851121506,0.3305638220385576,0.14883744733595114,0.07858818097748313,0.21778595550102064,0.20716676217369312,0.260034546075806,0.23886988138379966,0.20754007672111927,0.2607082258724258,0.24316487472359527,0.2927775567586784,0.10889480566686251,0.058655973474554625,0.2916569517641379,0.10879986737482857,0.059077304898399914,0.24830937182007456,0.07320491026533808,0.0498362731226426,0.2477286454051827,0.0732231003300875,0.05016061420852805,0.12943199623350551,0.06149262958361956,0.3304749848107654,0.1294117115424787,0.06151363874476039,0.3306500656805351,0.14882568576257402,0.07855172191942485,0.21784825972833483,0.14884887027239718,0.07862211077666566,0.21772214802995898,0.34682326244772466,0.17081984467675163,0.10580794722774924,0.13868098962860825,0.18340343209679336,0.284736880681682,0.12532256188208554,0.17639758761961308,0.27172741302130493,0.29973779520233373,0.1345830602440051,0.11070873027906553,0.23405233723436653,0.0994259634310105,0.11971531323393056,0.3466110303028903,0.17045079463059534,0.08007800986736908,0.3469855368755973,0.17464074797231488,0.1177819033154555,0.1381598341204743,0.1858776971691447,0.2029064254112175,0.13925363364703394,0.19091072919048666,0.31737742607425634,0.12490042008125539,0.1781077835037672,0.261923933850858,0.1258254035708225,0.1845927024712046,0.2823233187488842,0.29954531599787215,0.12918197831792605,0.08405541312618847,0.2998796380007033,0.13904030649246563,0.12305716307571847,0.22437218032191641,0.09212883696060677,0.1171280622057897,0.24797232491422605,0.10601744985641699,0.12402774489353087,2.0,detectability_boldness_2023_d05_detection_species_summary
Goniobranchus splendidus,Goniobranchus splendidus (1); Goniobranchus splendidus (2); Goniobranchus splendidus (3),Chromodorididae,"Angas, 1864",M; WB,II,0.18; 0.25,,0.44,0.52; nr,3,81.0,"Coffs Harbour, NSW; Mooloolaba, SE QLD; North Stradbroke Island, SE QLD",26o40’S; 153o07’E; 27o41’S; 153o53’E; 30o18’S; 153o09’E,chemical_defence_modes_Table_S1_species_summary,14,14,animals_on_background,NF; NL,D; N,0.23293624014285713,0.5488765404285714,2.4329142313571426,5.348406820928572,50.321921339285716,0.9204089687142857,2.2566715597857145,2.419961169785714,5.453764762785714,44.920745957142856,0.12167450671428572,0.3630535352142857,3.0537595739285712,7.696514393714286,96.2362956942857,0.11417695285714287,0.3375055245714286,3.051987719,8.050152245571429,108.80143256071428,0.473569057,1.4745698690714286,3.0682699407142855,8.149573016071429,96.86968521428571,0.4472446217142857,1.4478669514285714,3.201663614642857,8.256279660142857,96.67842479642857,0.3763474824285714,2.567862151285714,0.27516088871428573,6.3847582302142865,0.16754441928571429,1.1692444502142858,0.5113088012142857,2.049384782357143,0.6966776355000001,0.22135265399999998,0.6039932185000001,0.02834188342857143,2.5644761230714286,2.5712117361428573,0.2748733915,0.2754451077857143,6.3192441267142865,6.353403043928571,0.16821856914285713,0.16451839535714288,1.1676195247142858,1.170804134785714,0.3970021337142858,0.3994196715,2.0347526865714287,2.0370775316428573,0.8932736863571428,0.8901442030714286,0.22154598042857146,0.21998175164285713,0.6451379101428572,0.6447819373571428,0.029616410571428574,0.0270714725,3725.0733941071426,46.40037044142857,50.285136816428576,0.4787049661428572,0.12364813307142856,0.05788227428571429,0.47079727335714283,0.14042049485714286,0.06173827835714286,0.4311454397857143,3.801221864,1.6691615702857143,0.4333982551428571,17.865701103642856,11.211198896071428,0.6398243454285714,5.441629021214285,3.4058622574285713,0.5925852356428571,0.12464621799999999,0.05740472407142857,0.4647542022142857,0.12447812999999999,0.05748142985714285,0.46570553185714286,0.1397360342142857,0.06024050242857143,0.42133686685714283,0.1398664737142857,0.06044292385714286,0.4223305907857143,3.7814165540714284,1.6301096605714285,0.4236359547857143,3.785033452214286,1.6347833752142857,0.42445719007142857,17.870666364642858,11.212087467785713,0.6397061975714287,17.860767729571428,11.210311704785713,0.6399414775,5.441616141642858,3.405760650857143,0.5925710295714285,5.441643622071429,3.4059635654285714,0.5925991917857143,0.28505664778571427,0.1433917369285714,0.5136617176428572,0.23018391350000003,0.19914968592857143,0.9242318753571429,0.21370946614285713,0.20848918664285715,1.0269157432142857,12.303103901142858,7.019770308357143,0.5758643028571429,2.8053542205,1.726050951357143,0.6195091160714286,0.2834247052142857,0.1422000022857143,0.5109486508571429,0.28642153921428576,0.14365803271428573,0.5129428068571429,0.23317829835714285,0.20221822742857146,0.918032232,0.22754111728571427,0.19558378435714285,0.9286907307142858,0.21660985157142856,0.21187935128571428,1.0236170862142857,0.21109557907142856,0.2045773349285714,1.0269125097142857,12.20733018442857,6.942243650571429,0.5722607215000001,12.389116896,7.051262160214286,0.5751395420714286,2.8325920855,1.7379210993571428,0.6152804295000001,2.7734540232857143,1.6886977677142858,0.6158552697142856,colour_defence_2024_species_metrics_summary,0.775,detectability_boldness_2023_toxicity,125,25,10; 2; 30; 5; 50,0.1102508594390112,0.11484236045437299,0.2578695385670799,0.307547066614729,0.09717788383535117,0.2750332979743783,0.2344755706827564,0.4805409526265144,0.49273751293894047,0.20496719202073727,0.11167803660738006,0.09797749126470581,0.2447186542953028,0.2679118047188027,0.0888755283270808,0.10888704734233404,0.12112452329978216,0.2528298337032892,0.3067282913591419,0.1058341778543087,0.23589316819665193,0.21820260467419444,0.4596271083074191,0.4502011779381233,0.20709312250608813,0.2855752088834373,0.2954491318013504,0.4883461881334514,0.5011399352383548,0.19364119361535878,0.36700879161980177,0.08167404142663477,0.4849209914494883,0.04796085629094053,0.387010700848,0.29138381498097926,0.597638445592539,0.26292881252674055,0.5725290896799999,0.41928091953244234,0.5343622035448645,0.24133900285878537,0.08185474680837157,0.08155328344805259,0.48535207882314946,0.48446773074481403,0.05101909723658519,0.047837901565007716,0.380728523088,0.38630976619199997,0.2921517420769105,0.2905524710523861,0.27732846680928497,0.27890109972565746,0.26205887432927544,0.26400476155284186,0.4916742769110102,0.4953670541591403,0.41606364888488456,0.41901661736757756,0.5058268814979486,0.5132994739690936,0.24441499268281172,0.2333468025082868,0.00691392226844868,0.003781474711474911,0.00812661240516955,0.48319694282249664,0.3545809220835709,0.4088521656468429,0.23005138523363422,0.21735523088924344,0.11281953229076035,0.08049794006338133,0.17285906501023485,0.0801955716029247,0.07599120627673214,0.17367292809473775,0.07859852455669829,0.2902093397975891,0.1385497434315637,0.09680918607545361,0.24908479511092055,0.3553222791724642,0.3977184518374652,0.2183805695422504,0.35534558902879726,0.398755040844911,0.2225873625535421,0.2185044604228523,0.11111159410365755,0.07595864610101645,0.21772773612081464,0.11141547506184316,0.07672966350712399,0.17340406634574224,0.07966812966398525,0.07162397222669592,0.17308104415715003,0.08003262528544278,0.07236326374804691,0.1737126375849918,0.07859752944335056,0.29012398067364276,0.1736342929239476,0.07859938389401647,0.29029260648918376,0.13851962431493275,0.09675293065194474,0.24913446406977233,0.13857929849864467,0.09686263964372281,0.24903443736382982,0.4209584512171892,0.33666908028109443,0.15749566973671375,0.18783942521703306,0.26067300220312867,0.2461766214262232,0.17347678177151557,0.2544327225389521,0.2405956365230285,0.3807764652094395,0.3033804986831535,0.1766882799159227,0.19970750098926898,0.1576131497084501,0.1946472513178632,0.42027496006133225,0.33941569793761944,0.1201197155469123,0.4197062644272261,0.33486632401189714,0.1716901357160829,0.18955277594884032,0.2686575831016068,0.17463112675129105,0.18578157451166807,0.2658095065268504,0.27528239291991685,0.17579945936078373,0.2626871686578512,0.2329139010681822,0.17092997049033706,0.2595316142368263,0.24939038340006273,0.38040924696592565,0.29478408273484924,0.13518274730565555,0.37902654093671745,0.303591367107663,0.19205098700978562,0.19147850295701732,0.1483723728231062,0.19168417471056803,0.2110051944383244,0.16257591696564377,0.1973556546520002,2.0,detectability_boldness_2023_d05_boldness_species_summary,125,25,10; 2; 30; 5; 50,0.1102508594390112,0.11484236045437299,0.2578695385670799,0.307547066614729,0.09717788383535117,0.2750332979743783,0.2344755706827564,0.4805409526265144,0.49273751293894047,0.20496719202073727,0.11167803660738006,0.09797749126470581,0.2447186542953028,0.2679118047188027,0.0888755283270808,0.10888704734233404,0.12112452329978216,0.2528298337032892,0.3067282913591419,0.1058341778543087,0.23589316819665193,0.21820260467419444,0.4596271083074191,0.4502011779381233,0.20709312250608813,0.2855752088834373,0.2954491318013504,0.4883461881334514,0.5011399352383548,0.19364119361535878,0.36700879161980177,0.08167404142663477,0.4849209914494883,0.04796085629094053,0.387010700848,0.29138381498097926,0.597638445592539,0.26292881252674055,0.5725290896799999,0.41928091953244234,0.5343622035448645,0.24133900285878537,0.08185474680837157,0.08155328344805259,0.48535207882314946,0.48446773074481403,0.05101909723658519,0.047837901565007716,0.380728523088,0.38630976619199997,0.2921517420769105,0.2905524710523861,0.27732846680928497,0.27890109972565746,0.26205887432927544,0.26400476155284186,0.4916742769110102,0.4953670541591403,0.41606364888488456,0.41901661736757756,0.5058268814979486,0.5132994739690936,0.24441499268281172,0.2333468025082868,0.00691392226844868,0.003781474711474911,0.00812661240516955,0.48319694282249664,0.3545809220835709,0.4088521656468429,0.23005138523363422,0.21735523088924344,0.11281953229076035,0.08049794006338133,0.17285906501023485,0.0801955716029247,0.07599120627673214,0.17367292809473775,0.07859852455669829,0.2902093397975891,0.1385497434315637,0.09680918607545361,0.24908479511092055,0.3553222791724642,0.3977184518374652,0.2183805695422504,0.35534558902879726,0.398755040844911,0.2225873625535421,0.2185044604228523,0.11111159410365755,0.07595864610101645,0.21772773612081464,0.11141547506184316,0.07672966350712399,0.17340406634574224,0.07966812966398525,0.07162397222669592,0.17308104415715003,0.08003262528544278,0.07236326374804691,0.1737126375849918,0.07859752944335056,0.29012398067364276,0.1736342929239476,0.07859938389401647,0.29029260648918376,0.13851962431493275,0.09675293065194474,0.24913446406977233,0.13857929849864467,0.09686263964372281,0.24903443736382982,0.4209584512171892,0.33666908028109443,0.15749566973671375,0.18783942521703306,0.26067300220312867,0.2461766214262232,0.17347678177151557,0.2544327225389521,0.2405956365230285,0.3807764652094395,0.3033804986831535,0.1766882799159227,0.19970750098926898,0.1576131497084501,0.1946472513178632,0.42027496006133225,0.33941569793761944,0.1201197155469123,0.4197062644272261,0.33486632401189714,0.1716901357160829,0.18955277594884032,0.2686575831016068,0.17463112675129105,0.18578157451166807,0.2658095065268504,0.27528239291991685,0.17579945936078373,0.2626871686578512,0.2329139010681822,0.17092997049033706,0.2595316142368263,0.24939038340006273,0.38040924696592565,0.29478408273484924,0.13518274730565555,0.37902654093671745,0.303591367107663,0.19205098700978562,0.19147850295701732,0.1483723728231062,0.19168417471056803,0.2110051944383244,0.16257591696564377,0.1973556546520002,2.0,detectability_boldness_2023_d05_detection_species_summary
Hypselodoris bennetti,Hypselodoris bennetti,Chromodorididae,"Angas, 1864",WB,I&II,0.27,,,0.12,,26.0,"Coffs Harbour, NE NSW",30o18’S; 153o09’E,chemical_defence_modes_Table_S1_species_summary,13,13,animals_on_background; animals_only,NB; NF; NL; NP,D; N,0.33520272900000003,1.0563791217692307,3.0985876683846154,6.087410819692308,53.076862217153845,0.7933656654615384,1.616732702153846,2.015455107615385,3.3787937073076924,22.122607777000002,0.2039387260769231,0.8407079553076924,4.029305251615384,8.087269623615384,89.48556735153846,0.13441935223076923,0.5211323186153847,3.823996191615384,10.683761694923078,163.91538296,0.44515269784615386,1.1462049303846154,2.5458729809230767,5.152115717769231,44.502842097384615,0.34744098030769227,0.9383234145384616,2.673197432846154,5.963022631846154,58.52928123276923,0.2740641023846154,2.6143368093846155,0.30532875646153845,6.817521353153846,0.1938741403846154,1.2455192269230768,0.5717446815384616,2.1502675552307693,0.7556949350769231,0.24960144853846153,0.6637198082307693,0.034474966307692305,2.5980158803076923,2.630423128230769,0.3034578239230769,0.3071695038461538,7.057283671076923,6.298759393000001,0.19697162015384617,0.18238708230769232,1.2374398508461537,1.2532597039230768,0.48767965138461544,0.4961026936153846,2.1354370428461538,2.105365621692308,0.9328254118461538,0.921238708,0.25021472184615384,0.24477829315384614,0.7102525316923077,0.7086707009230769,0.04022885261538462,0.028763246307692305,1019.8742974615385,25.180739473076923,37.58201776307693,0.41001150184615387,0.09500673523076923,0.026176631615384617,0.2869823877692308,0.10093255669230769,0.09071782246153845,0.9463200776923076,2.649790023615384,2.479531644230769,0.9768432339230769,10.113952558000001,7.27505235376923,0.7041636353846153,6.656924925384615,4.841601847692308,0.703718337,0.09557364492307692,0.025967835615384613,0.28272632638461537,0.09545408369230769,0.026005223153846155,0.28344535284615385,0.09818475861538462,0.08703638023076923,0.9425373229230769,0.099532515,0.08903052269230768,0.9474827346923077,2.5741390994615383,2.3753796424615383,0.972751248,2.611505721153846,2.431153107384615,0.9777455151538461,10.116099627,7.274700925538462,0.7040143418461539,10.11185618053846,7.275390641846154,0.7043090056923076,6.654702294230769,4.84285312,0.7042667863846154,6.659089983923077,4.840346306615384,0.7031797120769231,0.18725423369230768,0.10076891823076924,0.55267236,0.34761052192307695,0.21903219492307693,0.681533359923077,0.34262757346153844,0.22977161476923078,0.7441346991538461,7.6959924264615385,4.36175629823077,0.579283400923077,3.799052520307692,3.247948224,0.8610522945384615,0.18520538146153848,0.09986167338461538,0.5665022606923077,0.19182628223076922,0.10101598923076922,0.526775826,0.36506147523076926,0.22273232707692306,0.6642953531538461,0.32020864907692304,0.20819297976923076,0.7043157602307691,0.3621618813846154,0.23349075700000002,0.7130490749230769,0.3123549376923077,0.2184877763076923,0.7893096681538462,7.613722019,4.328446460923077,0.5939047311538462,7.881652329846154,4.3675402498461535,0.5525306076923078,4.104270241615385,3.4218371756153845,0.8393356946923076,3.329406448076923,2.8858112468461536,0.8798054340769231,colour_defence_2024_species_metrics_summary,0.73,detectability_boldness_2023_toxicity,50,10,10; 2; 30; 5; 50,0.11530079079735947,0.14231699149890156,0.2628980429726146,0.27592562674913906,0.09449033077984702,0.23727265755530522,0.12298829951101486,0.2843261126569241,0.25618371668882645,0.0747173014836142,0.12461275549027456,0.13572663780787816,0.3019295622518748,0.2504881190982523,0.08329906644497985,0.10494386646419579,0.1288481953039132,0.2374339979009255,0.2897447714693879,0.12365394650047136,0.17603081808887835,0.11967852430096705,0.36773626501482876,0.24369335748457766,0.08056420544465875,0.2849995874468037,0.1543713045350784,0.2838043566745776,0.2818285341978937,0.08274541818275237,0.39379397401308497,0.06349664502256341,0.5392911300051836,0.0385540696700484,0.41251021870000004,0.24149547782088335,0.5261090445095384,0.20308172830700674,0.49467126398,0.41675929820060403,0.4467034934305598,0.17961665639068627,0.06352507823167264,0.0635173378049134,0.5403092954642679,0.5382965959764826,0.042137518496825795,0.035674853911468546,0.35678611016,0.40093001952,0.24203094709683698,0.2408826541979242,0.2327472217230756,0.2567684141598649,0.1994893448582973,0.19620172398778124,0.3645603950011522,0.3640630143085041,0.3776350273095656,0.41078297060663505,0.3946654903885316,0.4146608406994414,0.18162498070170074,0.17290519117488398,0.006613638594046007,0.0043049582796106465,0.007329579618966402,0.42410845374952744,0.20864180781388658,0.1593312259836923,0.14867729195638588,0.12359742010943572,0.11792893161355625,0.1597865987084625,0.09720160568565785,0.08440214917285994,0.1530326763603976,0.10446756562160982,0.042149486823391404,0.25066391614755856,0.1476803528586159,0.11247882033411415,0.20989959001417013,0.20857700327908135,0.15405028724286057,0.13958474505718657,0.20886210309196745,0.1536577346137086,0.14124907940775142,0.12267981303762804,0.11449550598063463,0.1533212992862232,0.12269528601259154,0.11598523234110557,0.15513610157695637,0.09628372223148322,0.08253317470314467,0.14673058326251107,0.09651373403784705,0.08382560316994264,0.14836868059948444,0.10447083223026184,0.04214614944194754,0.25060054055592973,0.10446470270918566,0.0421524862048161,0.25072443882596984,0.14764993884123476,0.11247241498884673,0.21012223410739947,0.14771013793102805,0.11248246701992193,0.2096758803662497,0.3105953645937172,0.17626807375951614,0.11369396799536452,0.2889962132951167,0.22271927395089275,0.14627165988675833,0.28413996489060067,0.22316401146913128,0.13491551837670107,0.27065706001305123,0.1387919242183527,0.11763581628506418,0.2129995130905924,0.1966659355950118,0.17136899559691396,0.28360013862895195,0.16934217202553942,0.08452129039210268,0.31036802925786816,0.16755004027230488,0.11892085986507579,0.297129633618134,0.2274513931490519,0.09685844128660998,0.2761240266189292,0.21211643911536793,0.15576683599438884,0.2934312903136017,0.2277812020453599,0.11966421789409663,0.2694591285868002,0.21302217564072565,0.13487381750377775,0.2463108061902096,0.1281176844128689,0.08772732492840035,0.27029864042899154,0.13284812357522566,0.12264269996690626,0.212899350150153,0.1922755932174715,0.16550863909196864,0.21169799929518188,0.1862433151416227,0.1702340890667331,3.0,detectability_boldness_2023_d05_boldness_species_summary,50,10,10; 2; 30; 5; 50,0.11530079079735947,0.14231699149890156,0.2628980429726146,0.27592562674913906,0.09449033077984702,0.23727265755530522,0.12298829951101486,0.2843261126569241,0.25618371668882645,0.0747173014836142,0.12461275549027456,0.13572663780787816,0.3019295622518748,0.2504881190982523,0.08329906644497985,0.10494386646419579,0.1288481953039132,0.2374339979009255,0.2897447714693879,0.12365394650047136,0.17603081808887835,0.11967852430096705,0.36773626501482876,0.24369335748457766,0.08056420544465875,0.2849995874468037,0.1543713045350784,0.2838043566745776,0.2818285341978937,0.08274541818275237,0.39379397401308497,0.06349664502256341,0.5392911300051836,0.0385540696700484,0.41251021870000004,0.24149547782088335,0.5261090445095384,0.20308172830700674,0.49467126398,0.41675929820060403,0.4467034934305598,0.17961665639068627,0.06352507823167264,0.0635173378049134,0.5403092954642679,0.5382965959764826,0.042137518496825795,0.035674853911468546,0.35678611016,0.40093001952,0.24203094709683698,0.2408826541979242,0.2327472217230756,0.2567684141598649,0.1994893448582973,0.19620172398778124,0.3645603950011522,0.3640630143085041,0.3776350273095656,0.41078297060663505,0.3946654903885316,0.4146608406994414,0.18162498070170074,0.17290519117488398,0.006613638594046007,0.0043049582796106465,0.007329579618966402,0.42410845374952744,0.20864180781388658,0.1593312259836923,0.14867729195638588,0.12359742010943572,0.11792893161355625,0.1597865987084625,0.09720160568565785,0.08440214917285994,0.1530326763603976,0.10446756562160982,0.042149486823391404,0.25066391614755856,0.1476803528586159,0.11247882033411415,0.20989959001417013,0.20857700327908135,0.15405028724286057,0.13958474505718657,0.20886210309196745,0.1536577346137086,0.14124907940775142,0.12267981303762804,0.11449550598063463,0.1533212992862232,0.12269528601259154,0.11598523234110557,0.15513610157695637,0.09628372223148322,0.08253317470314467,0.14673058326251107,0.09651373403784705,0.08382560316994264,0.14836868059948444,0.10447083223026184,0.04214614944194754,0.25060054055592973,0.10446470270918566,0.0421524862048161,0.25072443882596984,0.14764993884123476,0.11247241498884673,0.21012223410739947,0.14771013793102805,0.11248246701992193,0.2096758803662497,0.3105953645937172,0.17626807375951614,0.11369396799536452,0.2889962132951167,0.22271927395089275,0.14627165988675833,0.28413996489060067,0.22316401146913128,0.13491551837670107,0.27065706001305123,0.1387919242183527,0.11763581628506418,0.2129995130905924,0.1966659355950118,0.17136899559691396,0.28360013862895195,0.16934217202553942,0.08452129039210268,0.31036802925786816,0.16755004027230488,0.11892085986507579,0.297129633618134,0.2274513931490519,0.09685844128660998,0.2761240266189292,0.21211643911536793,0.15576683599438884,0.2934312903136017,0.2277812020453599,0.11966421789409663,0.2694591285868002,0.21302217564072565,0.13487381750377775,0.2463108061902096,0.1281176844128689,0.08772732492840035,0.27029864042899154,0.13284812357522566,0.12264269996690626,0.212899350150153,0.1922755932174715,0.16550863909196864,0.21169799929518188,0.1862433151416227,0.1702340890667331,3.0,detectability_boldness_2023_d05_detection_species_summary
