species,in_d04,in_prieto,match_status
Acanthodoris nanaimoensis,False,True,only_in_prieto
Actinocyclus verrucosus,False,True,only_in_prieto
Adalaria slavi,False,True,only_in_prieto
Aegires flores,False,True,only_in_prieto
Akiodoris lutescens,False,True,only_in_prieto
Aldisa sanguinea,False,True,only_in_prieto
Ancula gibbosa,False,True,only_in_prieto
Aphelodoris sp.,False,True,only_in_prieto
Aphelodoris varia,True,False,only_in_d04
Ardeadoris scottjohnsoni,False,True,only_in_prieto
Armodoris anudeorum,False,True,only_in_prieto
Asteronotus cespitosus,False,True,only_in_prieto
Atagema intecta,True,False,only_in_d04
Atagema kimberlyae,False,True,only_in_prieto
Atagema spongiosa,True,False,only_in_d04
Atalodoris oblonga,False,True,only_in_prieto
Bathydoris aioca,False,True,only_in_prieto
Berthelina citrina,True,False,only_in_d04
Cadlina laevis,False,True,only_in_prieto
Cadlinella ornatissima,False,True,only_in_prieto
Caloria indica,True,False,only_in_d04
Calycidoris guentheri,False,True,only_in_prieto
Carminodoris flammea,False,True,only_in_prieto
Ceratophyllidia sp.,False,True,only_in_prieto
Ceratosoma amoenum,True,False,only_in_d04
Ceratosoma brevicaudatum,True,True,matched
Ceratosoma tenue,True,False,only_in_d04
Chromodoris cf striatella QLD,True,False,only_in_d04
Chromodoris magnifica,False,True,only_in_prieto
Chromolaichma edmundsi,False,True,only_in_prieto
Colga pacifica,False,True,only_in_prieto
Conualevia alba,False,True,only_in_prieto
Corambe obscura,False,True,only_in_prieto
Coryphellina rubrolineata,True,False,only_in_d04
Cratena lineata,True,False,only_in_d04
Crimora lutea,False,True,only_in_prieto
Dendrodoris densoni,False,True,only_in_prieto
Dendrodoris fumata,True,False,only_in_d04
Dendrodoris gunnamatta,True,False,only_in_d04
Dendrodoris krusensterni,True,False,only_in_d04
Dermatobranchus dendronephtyphagus,True,False,only_in_d04
Diaphorodoris lirulatocauda,False,True,only_in_prieto
Diaulula sandiegensis,False,True,only_in_prieto
Discodoris coerulescens,False,True,only_in_prieto
Discodoris sp,True,False,only_in_d04
Diversidoris aurantinodulosa,False,True,only_in_prieto
Doriopsilla janaina,False,True,only_in_prieto
Doriopsilla miniata,True,False,only_in_d04
Doriopsilla peculiaris,True,False,only_in_d04
Doriopsis granulosa,False,True,only_in_prieto
Doriprismatica atromarginata,True,False,only_in_d04
Doriprismatica stellata,False,True,only_in_prieto
Doris cameroni,True,False,only_in_d04
Doris pseudoargus,False,True,only_in_prieto
Felimare tema,False,True,only_in_prieto
Geitodoris heathi,False,True,only_in_prieto
Glossodoris angasi,True,False,only_in_d04
Glossodoris buko,False,True,only_in_prieto
Goniobranchus albonares,True,False,only_in_d04
Goniobranchus alius,True,False,only_in_d04
Goniobranchus collingwoodi,True,False,only_in_d04
Goniobranchus daphne,True,False,only_in_d04
Goniobranchus geometricus,True,False,only_in_d04
Goniobranchus reticulatus,False,True,only_in_prieto
Goniobranchus sp,True,False,only_in_d04
Goniobranchus splendidus,True,False,only_in_d04
Goniodoridella savignyi,False,True,only_in_prieto
Goniodoris nodosa,False,True,only_in_prieto
Gymnodoris ceylonica,False,True,only_in_prieto
Halgerda dalanghita,False,True,only_in_prieto
Hallaxa translucens,False,True,only_in_prieto
Hexabranchus sanguineus,False,True,only_in_prieto
Hoplodoris nodulosa,False,True,only_in_prieto
Hypselodoris bennetti,True,False,only_in_d04
Hypselodoris jacksoni,True,False,only_in_d04
Hypselodoris obscura,True,True,matched
Hypselodoris tryoni,True,False,only_in_d04
Inuda luarna,False,True,only_in_prieto
Jorunna tomentosa,False,True,only_in_prieto
Kalinga ornata,False,True,only_in_prieto
Kaloplocamus acutus,True,False,only_in_d04
Kaloplocamus ramosus,True,False,only_in_d04
Kaloplocamus sp.,False,True,only_in_prieto
Lecithophorus capensis,False,True,only_in_prieto
Limacia sp.,False,True,only_in_prieto
Lophodoris danielsseni,False,True,only_in_prieto
Mandelia mirocornata,False,True,only_in_prieto
Mariona sp,True,False,only_in_d04
Martadoris mediterranea,False,True,only_in_prieto
Mexichromis antonii,False,True,only_in_prieto
Miamira striata,False,True,only_in_prieto
Murphydoris puncticulata,False,True,only_in_prieto
Nembrotha cristata,False,True,only_in_prieto
Nembrotha purpureolineata,True,False,only_in_d04
Notodoris minor,False,True,only_in_prieto
Okenia vena,False,True,only_in_prieto
Onchidoris muricata,False,True,only_in_prieto
Onchidoris sp,True,False,only_in_d04
Onchimira cavifera,False,True,only_in_prieto
Outgroup,False,True,only_in_prieto
Palio dubia,False,True,only_in_prieto
Paradoris liturata,False,True,only_in_prieto
Peltodoris nobilis,False,True,only_in_prieto
Phyllidia coelestis,False,True,only_in_prieto
Phyllidiella nigra,False,True,only_in_prieto
Phyllidiopsis krempfi,False,True,only_in_prieto
Phyllodesmium poindimiei,True,False,only_in_d04
Platydoris sanguinea,False,True,only_in_prieto
Pleurobranchus peroni,True,False,only_in_d04
Pleurobranchus peronii,True,False,only_in_d04
Plocamopherus imperialis,True,False,only_in_d04
Plocamopherus pecoso,False,True,only_in_prieto
Plocamopherus tilesii,True,False,only_in_d04
Polycera aurantiomarginata,False,True,only_in_prieto
Polycera capensis,True,False,only_in_d04
Pteraeolidia ianthina,True,False,only_in_d04
Reticulidia halgerda,False,True,only_in_prieto
Roboastra gracilis,False,True,only_in_prieto
Rostanga pulchra,False,True,only_in_prieto
Rostanga sp,True,False,only_in_d04
Sclerodoris tuberculata,False,True,only_in_prieto
Showajidaia sagamiensis,False,True,only_in_prieto
Tambja marbellensis,False,True,only_in_prieto
Taringa telopia,False,True,only_in_prieto
Tenelia sibogae,True,False,only_in_d04
Thecacera sp.,False,True,only_in_prieto
Theracera pennigera,True,False,only_in_d04
Thordisa albomacula,False,True,only_in_prieto
Thorunna florens,False,True,only_in_prieto
Trapania reticulata,False,True,only_in_prieto
Triopha catalinae,False,True,only_in_prieto
Tyrannodoris ernsti,False,True,only_in_prieto
Tyrinna evelinae,False,True,only_in_prieto
Vayssierea sp.,False,True,only_in_prieto
Verconia verconis,False,True,only_in_prieto
