species,image_id,status,attempts,point1_x,point1_y,point2_x,point2_y,animal_perimeter_original_px,mask_path,qc_path
Goniobranchus splendidus,Goniobranchus_splendidus_img08,accepted,1,1145.9956141069551,752.3164078260764,854.916927120131,789.9140715618746,843.6295049190521,processed_data/automated_image_analysis/manual_rescue/masks_original_resolution/Goniobranchus_splendidus/Goniobranchus_splendidus_img08_manual_rescue_mask.png,processed_data/automated_image_analysis/manual_rescue/qc/Goniobranchus_splendidus/Goniobranchus_splendidus_img08_manual_rescue_qc.png
Phyllidia varicosa,Phyllidia_varicosa_img02,accepted,1,1366.1403534609722,721.4840942562593,1411.9865979381443,481.3945508100147,893.0092288255692,processed_data/automated_image_analysis/manual_rescue/masks_original_resolution/Phyllidia_varicosa/Phyllidia_varicosa_img02_manual_rescue_mask.png,processed_data/automated_image_analysis/manual_rescue/qc/Phyllidia_varicosa/Phyllidia_varicosa_img02_manual_rescue_qc.png
Phyllidiopsis shireenae,Phyllidiopsis_shireenae_img02,accepted,1,549.7225476229521,233.99661197809735,629.1024668082457,627.3524615123642,985.8965295553207,processed_data/automated_image_analysis/manual_rescue/masks_original_resolution/Phyllidiopsis_shireenae/Phyllidiopsis_shireenae_img02_manual_rescue_mask.png,processed_data/automated_image_analysis/manual_rescue/qc/Phyllidiopsis_shireenae/Phyllidiopsis_shireenae_img02_manual_rescue_qc.png
Ceratosoma brevicaudatum,Ceratosoma_brevicaudatum_img01,accepted,1,123.46583210603828,1163.1336892488953,1700.3353460972016,335.488328424153,5210.170158028603,processed_data/automated_image_analysis/manual_rescue/masks_original_resolution/Ceratosoma_brevicaudatum/Ceratosoma_brevicaudatum_img01_manual_rescue_mask.png,processed_data/automated_image_analysis/manual_rescue/qc/Ceratosoma_brevicaudatum/Ceratosoma_brevicaudatum_img01_manual_rescue_qc.png
Ceratosoma trilobatum,Ceratosoma_trilobatum_img07,accepted,1,1566.9578330172747,296.58821633839875,238.13715594454794,1353.6799769024883,7798.151150465012,processed_data/automated_image_analysis/manual_rescue/masks_original_resolution/Ceratosoma_trilobatum/Ceratosoma_trilobatum_img07_manual_rescue_mask.png,processed_data/automated_image_analysis/manual_rescue/qc/Ceratosoma_trilobatum/Ceratosoma_trilobatum_img07_manual_rescue_qc.png
Ceratosoma trilobatum,Ceratosoma_trilobatum_img09,accepted,1,1084.141393122255,1201.0627169307636,244.86451231024546,553.41263838508,5923.893022656441,processed_data/automated_image_analysis/manual_rescue/masks_original_resolution/Ceratosoma_trilobatum/Ceratosoma_trilobatum_img09_manual_rescue_mask.png,processed_data/automated_image_analysis/manual_rescue/qc/Ceratosoma_trilobatum/Ceratosoma_trilobatum_img09_manual_rescue_qc.png
Chromodoris elisabethina,Chromodoris_elisabethina_img02,accepted,1,1097.2198438123096,1433.210391490382,465.94717802090224,903.0076275710896,3566.872481584549,processed_data/automated_image_analysis/manual_rescue/masks_original_resolution/Chromodoris_elisabethina/Chromodoris_elisabethina_img02_manual_rescue_mask.png,processed_data/automated_image_analysis/manual_rescue/qc/Chromodoris_elisabethina/Chromodoris_elisabethina_img02_manual_rescue_qc.png
Chromodoris elisabethina,Chromodoris_elisabethina_img04,accepted,1,315.37118900436786,747.865699938158,1013.155435648029,784.7087081609433,2560.240886092186,processed_data/automated_image_analysis/manual_rescue/masks_original_resolution/Chromodoris_elisabethina/Chromodoris_elisabethina_img04_manual_rescue_mask.png,processed_data/automated_image_analysis/manual_rescue/qc/Chromodoris_elisabethina/Chromodoris_elisabethina_img04_manual_rescue_qc.png
Chromodoris elisabethina,Chromodoris_elisabethina_img06,accepted,1,779.7910162002945,775.0732326951398,1168.2776141384388,766.6278718703976,1682.4276177883148,processed_data/automated_image_analysis/manual_rescue/masks_original_resolution/Chromodoris_elisabethina/Chromodoris_elisabethina_img06_manual_rescue_mask.png,processed_data/automated_image_analysis/manual_rescue/qc/Chromodoris_elisabethina/Chromodoris_elisabethina_img06_manual_rescue_qc.png
Chromodoris elisabethina,Chromodoris_elisabethina_img08,accepted,1,37.253608247422676,102.47731958762886,241.8226804123711,119.84639175257732,725.2518680095673,processed_data/automated_image_analysis/manual_rescue/masks_original_resolution/Chromodoris_elisabethina/Chromodoris_elisabethina_img08_manual_rescue_mask.png,processed_data/automated_image_analysis/manual_rescue/qc/Chromodoris_elisabethina/Chromodoris_elisabethina_img08_manual_rescue_qc.png
Chromodoris kuiteri,Chromodoris_kuiteri_img04,accepted,1,1151.3868924889543,632.8884020618558,1588.1326951399114,793.3502577319589,1813.2316586971283,processed_data/automated_image_analysis/manual_rescue/masks_original_resolution/Chromodoris_kuiteri/Chromodoris_kuiteri_img04_manual_rescue_mask.png,processed_data/automated_image_analysis/manual_rescue/qc/Chromodoris_kuiteri/Chromodoris_kuiteri_img04_manual_rescue_qc.png
Chromodoris kuiteri,Chromodoris_kuiteri_img06,accepted,1,682.6355417456812,1524.3389915390105,883.1184618526636,679.328336542638,4050.4674903154373,processed_data/automated_image_analysis/manual_rescue/masks_original_resolution/Chromodoris_kuiteri/Chromodoris_kuiteri_img06_manual_rescue_mask.png,processed_data/automated_image_analysis/manual_rescue/qc/Chromodoris_kuiteri/Chromodoris_kuiteri_img06_manual_rescue_qc.png
Chromodoris kuiteri,Chromodoris_kuiteri_img08,accepted,1,805.0042709867453,861.4157554480396,1125.0855670103094,335.3515433714563,2855.4612275362015,processed_data/automated_image_analysis/manual_rescue/masks_original_resolution/Chromodoris_kuiteri/Chromodoris_kuiteri_img08_manual_rescue_mask.png,processed_data/automated_image_analysis/manual_rescue/qc/Chromodoris_kuiteri/Chromodoris_kuiteri_img08_manual_rescue_qc.png
Chromodoris kuiteri,Chromodoris_kuiteri_img09,accepted,1,379.4884050416516,772.9344814876432,863.4067221572467,1227.7449299045559,6143.699156045914,processed_data/automated_image_analysis/manual_rescue/masks_original_resolution/Chromodoris_kuiteri/Chromodoris_kuiteri_img09_manual_rescue_mask.png,processed_data/automated_image_analysis/manual_rescue/qc/Chromodoris_kuiteri/Chromodoris_kuiteri_img09_manual_rescue_qc.png
Dendrodoris krusensternii (=denisoni),Dendrodoris_krusensternii_denisoni_img01,accepted,1,701.4231564308321,1110.1180822270633,403.1841017262301,1081.9510603938509,1112.6976082324982,processed_data/automated_image_analysis/manual_rescue/masks_original_resolution/Dendrodoris_krusensternii_denisoni/Dendrodoris_krusensternii_denisoni_img01_manual_rescue_mask.png,processed_data/automated_image_analysis/manual_rescue/qc/Dendrodoris_krusensternii_denisoni/Dendrodoris_krusensternii_denisoni_img01_manual_rescue_qc.png
Dendrodoris krusensternii (=denisoni),Dendrodoris_krusensternii_denisoni_img02,accepted,1,1055.7977528811152,906.3213948455852,500.74173440310585,992.4793439824703,2079.8073422908783,processed_data/automated_image_analysis/manual_rescue/masks_original_resolution/Dendrodoris_krusensternii_denisoni/Dendrodoris_krusensternii_denisoni_img02_manual_rescue_mask.png,processed_data/automated_image_analysis/manual_rescue/qc/Dendrodoris_krusensternii_denisoni/Dendrodoris_krusensternii_denisoni_img02_manual_rescue_qc.png
Dendrodoris krusensternii (=denisoni),Dendrodoris_krusensternii_denisoni_img03,accepted,1,1257.1824875273633,1496.1719697057981,254.76788699245094,480.5023000729034,4483.594472885132,processed_data/automated_image_analysis/manual_rescue/masks_original_resolution/Dendrodoris_krusensternii_denisoni/Dendrodoris_krusensternii_denisoni_img03_manual_rescue_mask.png,processed_data/automated_image_analysis/manual_rescue/qc/Dendrodoris_krusensternii_denisoni/Dendrodoris_krusensternii_denisoni_img03_manual_rescue_qc.png
Dendrodoris nigra,Dendrodoris_nigra_img01,accepted,1,641.5768435691679,296.58821633839875,810.5789745684423,1797.7247916848958,4666.786255836487,processed_data/automated_image_analysis/manual_rescue/masks_original_resolution/Dendrodoris_nigra/Dendrodoris_nigra_img01_manual_rescue_mask.png,processed_data/automated_image_analysis/manual_rescue/qc/Dendrodoris_nigra/Dendrodoris_nigra_img01_manual_rescue_qc.png
Dendrodoris nigra,Dendrodoris_nigra_img02,accepted,1,399.67183253099086,1370.248813274966,1093.906076537814,990.8224603452225,2592.639941930771,processed_data/automated_image_analysis/manual_rescue/masks_original_resolution/Dendrodoris_nigra/Dendrodoris_nigra_img02_manual_rescue_mask.png,processed_data/automated_image_analysis/manual_rescue/qc/Dendrodoris_nigra/Dendrodoris_nigra_img02_manual_rescue_qc.png
Dendrodoris nigra,Dendrodoris_nigra_img04,accepted,1,432.852830989236,900.2814070443787,1416.4562274322125,591.0103021208781,3542.664326906204,processed_data/automated_image_analysis/manual_rescue/masks_original_resolution/Dendrodoris_nigra/Dendrodoris_nigra_img04_manual_rescue_mask.png,processed_data/automated_image_analysis/manual_rescue/qc/Dendrodoris_nigra/Dendrodoris_nigra_img04_manual_rescue_qc.png
Dendrodoris nigra,Dendrodoris_nigra_img05,accepted,1,743.5966126656848,851.7310382916052,1632.7724594992637,503.0582842415315,3367.784168481827,processed_data/automated_image_analysis/manual_rescue/masks_original_resolution/Dendrodoris_nigra/Dendrodoris_nigra_img05_manual_rescue_mask.png,processed_data/automated_image_analysis/manual_rescue/qc/Dendrodoris_nigra/Dendrodoris_nigra_img05_manual_rescue_qc.png
Dendrodoris nigra,Dendrodoris_nigra_img06,accepted,1,1526.877105890063,1138.7838937814681,480.49845720313897,727.8638073406005,2903.267357468605,processed_data/automated_image_analysis/manual_rescue/masks_original_resolution/Dendrodoris_nigra/Dendrodoris_nigra_img06_manual_rescue_mask.png,processed_data/automated_image_analysis/manual_rescue/qc/Dendrodoris_nigra/Dendrodoris_nigra_img06_manual_rescue_qc.png
Dendrodoris nigra,Dendrodoris_nigra_img07,accepted,1,381.9140607665418,267.18526284803625,1307.3017198121536,1182.870298994087,6656.850514769554,processed_data/automated_image_analysis/manual_rescue/masks_original_resolution/Dendrodoris_nigra/Dendrodoris_nigra_img07_manual_rescue_mask.png,processed_data/automated_image_analysis/manual_rescue/qc/Dendrodoris_nigra/Dendrodoris_nigra_img07_manual_rescue_qc.png
Dendrodoris nigra,Dendrodoris_nigra_img08,accepted,1,313.7123853148495,927.8608821298064,1027.8292329686465,1187.9916131777095,2708.2753781080246,processed_data/automated_image_analysis/manual_rescue/masks_original_resolution/Dendrodoris_nigra/Dendrodoris_nigra_img08_manual_rescue_mask.png,processed_data/automated_image_analysis/manual_rescue/qc/Dendrodoris_nigra/Dendrodoris_nigra_img08_manual_rescue_qc.png
Dendrodoris nigra,Dendrodoris_nigra_img09,accepted,1,689.3050073637702,737.1683357879234,1392.6829160530192,540.5120765832106,2266.653011918068,processed_data/automated_image_analysis/manual_rescue/masks_original_resolution/Dendrodoris_nigra/Dendrodoris_nigra_img09_manual_rescue_mask.png,processed_data/automated_image_analysis/manual_rescue/qc/Dendrodoris_nigra/Dendrodoris_nigra_img09_manual_rescue_qc.png
Dendrodoris nigra,Dendrodoris_nigra_img10,accepted,1,719.4503745198139,1810.979860782878,803.9514400194511,210.43026720151374,5149.455306053162,processed_data/automated_image_analysis/manual_rescue/masks_original_resolution/Dendrodoris_nigra/Dendrodoris_nigra_img10_manual_rescue_mask.png,processed_data/automated_image_analysis/manual_rescue/qc/Dendrodoris_nigra/Dendrodoris_nigra_img10_manual_rescue_qc.png
Dendrodoris tuberculosa,Dendrodoris_tuberculosa_img01,accepted,1,732.4213130131759,352.08321321919334,1736.642783117719,1296.8761180639267,6136.135661482811,processed_data/automated_image_analysis/manual_rescue/masks_original_resolution/Dendrodoris_tuberculosa/Dendrodoris_tuberculosa_img01_manual_rescue_mask.png,processed_data/automated_image_analysis/manual_rescue/qc/Dendrodoris_tuberculosa/Dendrodoris_tuberculosa_img01_manual_rescue_qc.png
Goniobranchus collingwoodi,Goniobranchus_collingwoodi_img01,accepted,1,1792.4328647901937,1036.11812763823,277.6108645962631,645.5875559309076,6353.689045667648,processed_data/automated_image_analysis/manual_rescue/masks_original_resolution/Goniobranchus_collingwoodi/Goniobranchus_collingwoodi_img01_manual_rescue_mask.png,processed_data/automated_image_analysis/manual_rescue/qc/Goniobranchus_collingwoodi/Goniobranchus_collingwoodi_img01_manual_rescue_qc.png
Goniobranchus collingwoodi,Goniobranchus_collingwoodi_img02,accepted,1,795.4883618603211,1202.2755447932088,1125.3775404453884,366.6371475685344,4770.138631224632,processed_data/automated_image_analysis/manual_rescue/masks_original_resolution/Goniobranchus_collingwoodi/Goniobranchus_collingwoodi_img02_manual_rescue_mask.png,processed_data/automated_image_analysis/manual_rescue/qc/Goniobranchus_collingwoodi/Goniobranchus_collingwoodi_img02_manual_rescue_qc.png
Goniobranchus collingwoodi,Goniobranchus_collingwoodi_img06,accepted,1,1061.926352929744,1603.8694061269043,397.51601439338026,289.9606817894078,6391.419057607651,processed_data/automated_image_analysis/manual_rescue/masks_original_resolution/Goniobranchus_collingwoodi/Goniobranchus_collingwoodi_img06_manual_rescue_mask.png,processed_data/automated_image_analysis/manual_rescue/qc/Goniobranchus_collingwoodi/Goniobranchus_collingwoodi_img06_manual_rescue_qc.png
Goniobranchus daphne,Goniobranchus_daphne_img10,accepted,1,910.7070087926056,649.2260395182429,1114.4620896833826,925.7507921557259,1321.85193669796,processed_data/automated_image_analysis/manual_rescue/masks_original_resolution/Goniobranchus_daphne/Goniobranchus_daphne_img10_manual_rescue_mask.png,processed_data/automated_image_analysis/manual_rescue/qc/Goniobranchus_daphne/Goniobranchus_daphne_img10_manual_rescue_qc.png
Goniobranchus splendidus,Goniobranchus_splendidus_img03,accepted,1,1145.9956141069551,724.4213669898392,984.6895084017567,1093.1210371731497,1459.6925567388535,processed_data/automated_image_analysis/manual_rescue/masks_original_resolution/Goniobranchus_splendidus/Goniobranchus_splendidus_img03_manual_rescue_mask.png,processed_data/automated_image_analysis/manual_rescue/qc/Goniobranchus_splendidus/Goniobranchus_splendidus_img03_manual_rescue_qc.png
Goniobranchus splendidus,Goniobranchus_splendidus_img09,accepted,1,893.7274187183742,666.2056295924743,972.5612297773058,977.9023902408652,1239.910808801651,processed_data/automated_image_analysis/manual_rescue/masks_original_resolution/Goniobranchus_splendidus/Goniobranchus_splendidus_img09_manual_rescue_mask.png,processed_data/automated_image_analysis/manual_rescue/qc/Goniobranchus_splendidus/Goniobranchus_splendidus_img09_manual_rescue_qc.png
Goniobranchus splendidus,Goniobranchus_splendidus_img10,accepted,1,577.7132628780876,609.3782944421195,490.4623206777641,900.2147684431975,1602.6631189584732,processed_data/automated_image_analysis/manual_rescue/masks_original_resolution/Goniobranchus_splendidus/Goniobranchus_splendidus_img10_manual_rescue_mask.png,processed_data/automated_image_analysis/manual_rescue/qc/Goniobranchus_splendidus/Goniobranchus_splendidus_img10_manual_rescue_qc.png
Goniobranchus tasmaniensis,Goniobranchus_tasmaniensis_img05,accepted,1,617.5635088742915,816.8496784342046,1098.0597636761504,543.4638782883194,2282.868304371834,processed_data/automated_image_analysis/manual_rescue/masks_original_resolution/Goniobranchus_tasmaniensis/Goniobranchus_tasmaniensis_img05_manual_rescue_mask.png,processed_data/automated_image_analysis/manual_rescue/qc/Goniobranchus_tasmaniensis/Goniobranchus_tasmaniensis_img05_manual_rescue_qc.png
Goniobranchus tinctorius,Goniobranchus_tinctorius_img01,accepted,1,493.18736152899436,684.157713796665,185.9195854417335,207.96547313062558,3347.8186571598053,processed_data/automated_image_analysis/manual_rescue/masks_original_resolution/Goniobranchus_tinctorius/Goniobranchus_tinctorius_img01_manual_rescue_mask.png,processed_data/automated_image_analysis/manual_rescue/qc/Goniobranchus_tinctorius/Goniobranchus_tinctorius_img01_manual_rescue_qc.png
Goniobranchus tinctorius,Goniobranchus_tinctorius_img02,accepted,1,322.5010309278351,933.784221468267,1669.5708394698083,506.51529657872345,3991.5314180850983,processed_data/automated_image_analysis/manual_rescue/masks_original_resolution/Goniobranchus_tinctorius/Goniobranchus_tinctorius_img02_manual_rescue_mask.png,processed_data/automated_image_analysis/manual_rescue/qc/Goniobranchus_tinctorius/Goniobranchus_tinctorius_img02_manual_rescue_qc.png
Goniobranchus tinctorius,Goniobranchus_tinctorius_img03,accepted,1,257.2245872559172,693.4295213813948,309.94876041970554,145.85132295176504,2381.998244047165,processed_data/automated_image_analysis/manual_rescue/masks_original_resolution/Goniobranchus_tinctorius/Goniobranchus_tinctorius_img03_manual_rescue_mask.png,processed_data/automated_image_analysis/manual_rescue/qc/Goniobranchus_tinctorius/Goniobranchus_tinctorius_img03_manual_rescue_qc.png
Goniobranchus tinctorius,Goniobranchus_tinctorius_img05,accepted,1,600.2230760066599,920.8994807059454,1765.7506518164016,866.322226895916,3658.882583141327,processed_data/automated_image_analysis/manual_rescue/masks_original_resolution/Goniobranchus_tinctorius/Goniobranchus_tinctorius_img05_manual_rescue_mask.png,processed_data/automated_image_analysis/manual_rescue/qc/Goniobranchus_tinctorius/Goniobranchus_tinctorius_img05_manual_rescue_qc.png
Halgerda aurantiomaculata,Halgerda_aurantiomaculata_img09,accepted,1,1284.09970544919,713.1166053019144,422.6729013254786,779.4730117820322,3150.230782866478,processed_data/automated_image_analysis/manual_rescue/masks_original_resolution/Halgerda_aurantiomaculata/Halgerda_aurantiomaculata_img09_manual_rescue_mask.png,processed_data/automated_image_analysis/manual_rescue/qc/Halgerda_aurantiomaculata/Halgerda_aurantiomaculata_img09_manual_rescue_qc.png
Halgerda aurantiomaculata,Halgerda_aurantiomaculata_img10,accepted,1,667.8996835399914,444.05086005345197,1262.720909311948,1714.8806098225064,6667.1936593055725,processed_data/automated_image_analysis/manual_rescue/masks_original_resolution/Halgerda_aurantiomaculata/Halgerda_aurantiomaculata_img10_manual_rescue_mask.png,processed_data/automated_image_analysis/manual_rescue/qc/Halgerda_aurantiomaculata/Halgerda_aurantiomaculata_img10_manual_rescue_qc.png
Hypselodoris obscura,Hypselodoris_obscura_img03,accepted,1,525.5949889618227,1418.298438755152,774.1275345489909,137.52738716261115,5236.135660290718,processed_data/automated_image_analysis/manual_rescue/masks_original_resolution/Hypselodoris_obscura/Hypselodoris_obscura_img03_manual_rescue_mask.png,processed_data/automated_image_analysis/manual_rescue/qc/Hypselodoris_obscura/Hypselodoris_obscura_img03_manual_rescue_qc.png
Hypselodoris obscura,Hypselodoris_obscura_img06,accepted,1,529.6952804360678,869.6361263928087,1333.0492271893306,338.9803083539564,4849.847213983536,processed_data/automated_image_analysis/manual_rescue/masks_original_resolution/Hypselodoris_obscura/Hypselodoris_obscura_img06_manual_rescue_mask.png,processed_data/automated_image_analysis/manual_rescue/qc/Hypselodoris_obscura/Hypselodoris_obscura_img06_manual_rescue_qc.png
Hypselodoris obscura,Hypselodoris_obscura_img07,accepted,1,965.2842626026352,612.8412036448899,1279.4066789759163,1030.0539883260044,2687.946513772011,processed_data/automated_image_analysis/manual_rescue/masks_original_resolution/Hypselodoris_obscura/Hypselodoris_obscura_img07_manual_rescue_mask.png,processed_data/automated_image_analysis/manual_rescue/qc/Hypselodoris_obscura/Hypselodoris_obscura_img07_manual_rescue_qc.png
Hypselodoris obscura,Hypselodoris_obscura_img08,accepted,1,762.5293490882565,1076.9804094821075,779.0981854607343,1274.1495623145943,871.1513642072678,processed_data/automated_image_analysis/manual_rescue/masks_original_resolution/Hypselodoris_obscura/Hypselodoris_obscura_img08_manual_rescue_mask.png,processed_data/automated_image_analysis/manual_rescue/qc/Hypselodoris_obscura/Hypselodoris_obscura_img08_manual_rescue_qc.png
Hypselodoris tryoni,Hypselodoris_tryoni_img09,accepted,1,375.620176730486,1008.7042341678939,1584.5132547864505,980.9551914580264,5056.758904933929,processed_data/automated_image_analysis/manual_rescue/masks_original_resolution/Hypselodoris_tryoni/Hypselodoris_tryoni_img09_manual_rescue_mask.png,processed_data/automated_image_analysis/manual_rescue/qc/Hypselodoris_tryoni/Hypselodoris_tryoni_img09_manual_rescue_qc.png
Hypselodoris tryoni,Hypselodoris_tryoni_img10,accepted,2,677.6705458216569,328.32203450766633,490.77187717533184,468.3183756609972,3008.0713995695114,processed_data/automated_image_analysis/manual_rescue/masks_original_resolution/Hypselodoris_tryoni/Hypselodoris_tryoni_img10_manual_rescue_mask.png,processed_data/automated_image_analysis/manual_rescue/qc/Hypselodoris_tryoni/Hypselodoris_tryoni_img10_manual_rescue_qc.png
Mexichromis festiva,Mexichromis_festiva_img09,accepted,1,315.17076703135353,1590.6143370289221,1014.3756619499203,299.90198361289436,5285.363142609596,processed_data/automated_image_analysis/manual_rescue/masks_original_resolution/Mexichromis_festiva/Mexichromis_festiva_img09_manual_rescue_mask.png,processed_data/automated_image_analysis/manual_rescue/qc/Mexichromis_festiva/Mexichromis_festiva_img09_manual_rescue_qc.png
Notodoris (=Aegires) gardineri,Notodoris_Aegires_gardineri_img01,accepted,1,550.559793814433,888.0562223858615,1742.5621502209128,751.7239690721648,4170.710130810738,processed_data/automated_image_analysis/manual_rescue/masks_original_resolution/Notodoris_Aegires_gardineri/Notodoris_Aegires_gardineri_img01_manual_rescue_mask.png,processed_data/automated_image_analysis/manual_rescue/qc/Notodoris_Aegires_gardineri/Notodoris_Aegires_gardineri_img01_manual_rescue_qc.png
Notodoris (=Aegires) gardineri,Notodoris_Aegires_gardineri_img03,accepted,1,1474.723564064801,945.967268041237,475.75802650957286,1060.5828792341679,5743.841286063194,processed_data/automated_image_analysis/manual_rescue/masks_original_resolution/Notodoris_Aegires_gardineri/Notodoris_Aegires_gardineri_img03_manual_rescue_mask.png,processed_data/automated_image_analysis/manual_rescue/qc/Notodoris_Aegires_gardineri/Notodoris_Aegires_gardineri_img03_manual_rescue_qc.png
Notodoris (=Aegires) gardineri,Notodoris_Aegires_gardineri_img04,accepted,1,1101.4724594992633,857.9783350544227,1152.4503681885124,469.4133866008144,2861.8216207027435,processed_data/automated_image_analysis/manual_rescue/masks_original_resolution/Notodoris_Aegires_gardineri/Notodoris_Aegires_gardineri_img04_manual_rescue_mask.png,processed_data/automated_image_analysis/manual_rescue/qc/Notodoris_Aegires_gardineri/Notodoris_Aegires_gardineri_img04_manual_rescue_qc.png
Notodoris (=Aegires) gardineri,Notodoris_Aegires_gardineri_img05,accepted,1,534.8755522827687,777.0600515463916,1875.2749631811485,634.6953976435934,3867.8115161657333,processed_data/automated_image_analysis/manual_rescue/masks_original_resolution/Notodoris_Aegires_gardineri/Notodoris_Aegires_gardineri_img05_manual_rescue_mask.png,processed_data/automated_image_analysis/manual_rescue/qc/Notodoris_Aegires_gardineri/Notodoris_Aegires_gardineri_img05_manual_rescue_qc.png
Notodoris (=Aegires) gardineri,Notodoris_Aegires_gardineri_img07,accepted,1,1011.9018145392653,700.1832368040111,1029.299092730367,1106.1197279297194,1264.8986176252365,processed_data/automated_image_analysis/manual_rescue/masks_original_resolution/Notodoris_Aegires_gardineri/Notodoris_Aegires_gardineri_img07_manual_rescue_mask.png,processed_data/automated_image_analysis/manual_rescue/qc/Notodoris_Aegires_gardineri/Notodoris_Aegires_gardineri_img07_manual_rescue_qc.png
Notodoris (=Aegires) gardineri,Notodoris_Aegires_gardineri_img09,accepted,1,715.4417229389444,717.1443998151685,1530.462046502052,794.765383011655,2280.2022235393524,processed_data/automated_image_analysis/manual_rescue/masks_original_resolution/Notodoris_Aegires_gardineri/Notodoris_Aegires_gardineri_img09_manual_rescue_mask.png,processed_data/automated_image_analysis/manual_rescue/qc/Notodoris_Aegires_gardineri/Notodoris_Aegires_gardineri_img09_manual_rescue_qc.png
Phyllidia coelestis,Phyllidia_coelestis_img10,accepted,1,105.38930812905886,917.2609971186101,1792.4328647901937,846.9169810967943,4814.692890405655,processed_data/automated_image_analysis/manual_rescue/masks_original_resolution/Phyllidia_coelestis/Phyllidia_coelestis_img10_manual_rescue_mask.png,processed_data/automated_image_analysis/manual_rescue/qc/Phyllidia_coelestis/Phyllidia_coelestis_img10_manual_rescue_qc.png
Phyllidia elegans,Phyllidia_elegans_img01,accepted,1,752.6852200270187,931.0892149948963,1212.0579542802534,833.6465137896647,1383.626539349556,processed_data/automated_image_analysis/manual_rescue/masks_original_resolution/Phyllidia_elegans/Phyllidia_elegans_img01_manual_rescue_mask.png,processed_data/automated_image_analysis/manual_rescue/qc/Phyllidia_elegans/Phyllidia_elegans_img01_manual_rescue_qc.png
Phyllidia elegans,Phyllidia_elegans_img07,accepted,1,300.4679519345525,321.3309501030087,674.0189335676434,421.995662685952,973.8376553058624,processed_data/automated_image_analysis/manual_rescue/masks_original_resolution/Phyllidia_elegans/Phyllidia_elegans_img07_manual_rescue_mask.png,processed_data/automated_image_analysis/manual_rescue/qc/Phyllidia_elegans/Phyllidia_elegans_img07_manual_rescue_qc.png
Phyllidia ocellata,Phyllidia_ocellata_img06,accepted,1,520.1764370852833,262.33395139825575,1793.645692652639,1237.4475528041166,4581.1264362335205,processed_data/automated_image_analysis/manual_rescue/masks_original_resolution/Phyllidia_ocellata/Phyllidia_ocellata_img06_manual_rescue_mask.png,processed_data/automated_image_analysis/manual_rescue/qc/Phyllidia_ocellata/Phyllidia_ocellata_img06_manual_rescue_qc.png
Phyllidia varicosa,Phyllidia_varicosa_img04,accepted,1,645.9126087843625,681.5111495762396,109.99974490818778,860.148770868298,1574.337216258049,processed_data/automated_image_analysis/manual_rescue/masks_original_resolution/Phyllidia_varicosa/Phyllidia_varicosa_img04_manual_rescue_mask.png,processed_data/automated_image_analysis/manual_rescue/qc/Phyllidia_varicosa/Phyllidia_varicosa_img04_manual_rescue_qc.png
Phyllidia varicosa,Phyllidia_varicosa_img08,accepted,1,301.07436586577506,492.9460926389904,680.6894868110916,470.5087771837561,1193.8031649589539,processed_data/automated_image_analysis/manual_rescue/masks_original_resolution/Phyllidia_varicosa/Phyllidia_varicosa_img08_manual_rescue_mask.png,processed_data/automated_image_analysis/manual_rescue/qc/Phyllidia_varicosa/Phyllidia_varicosa_img08_manual_rescue_qc.png
Phyllidia varicosa,Phyllidia_varicosa_img09,accepted,1,443.76828175124194,732.9111620269548,847.6399599454604,869.9607104832512,1270.8569884300232,processed_data/automated_image_analysis/manual_rescue/masks_original_resolution/Phyllidia_varicosa/Phyllidia_varicosa_img09_manual_rescue_mask.png,processed_data/automated_image_analysis/manual_rescue/qc/Phyllidia_varicosa/Phyllidia_varicosa_img09_manual_rescue_qc.png
Phyllidiella pustulosa,Phyllidiella_pustulosa_img01,accepted,1,784.5729110983152,1148.9111188456243,1303.6632362248183,574.0307120466467,2563.3779705762863,processed_data/automated_image_analysis/manual_rescue/masks_original_resolution/Phyllidiella_pustulosa/Phyllidiella_pustulosa_img01_manual_rescue_mask.png,processed_data/automated_image_analysis/manual_rescue/qc/Phyllidiella_pustulosa/Phyllidiella_pustulosa_img01_manual_rescue_qc.png
Phyllidiella pustulosa,Phyllidiella_pustulosa_img08,accepted,1,392.8295115285477,869.9607104832512,1484.3745877291383,951.2201772670729,2935.5230696201324,processed_data/automated_image_analysis/manual_rescue/masks_original_resolution/Phyllidiella_pustulosa/Phyllidiella_pustulosa_img08_manual_rescue_mask.png,processed_data/automated_image_analysis/manual_rescue/qc/Phyllidiella_pustulosa/Phyllidiella_pustulosa_img08_manual_rescue_qc.png
Phyllidiella pustulosa,Phyllidiella_pustulosa_img09,accepted,1,616.0895648829596,700.876306904891,1587.793856400915,911.270352502646,2652.7190279960632,processed_data/automated_image_analysis/manual_rescue/masks_original_resolution/Phyllidiella_pustulosa/Phyllidiella_pustulosa_img09_manual_rescue_mask.png,processed_data/automated_image_analysis/manual_rescue/qc/Phyllidiella_pustulosa/Phyllidiella_pustulosa_img09_manual_rescue_qc.png
Phyllidiopsis shireenae,Phyllidiopsis_shireenae_img01,accepted,1,442.5554538887968,1033.69247191334,1633.5524148098855,723.208539127394,4032.980122089386,processed_data/automated_image_analysis/manual_rescue/masks_original_resolution/Phyllidiopsis_shireenae/Phyllidiopsis_shireenae_img01_manual_rescue_mask.png,processed_data/automated_image_analysis/manual_rescue/qc/Phyllidiopsis_shireenae/Phyllidiopsis_shireenae_img01_manual_rescue_qc.png
Phyllidiopsis shireenae,Phyllidiopsis_shireenae_img06,accepted,1,830.5981854607343,1511.0839224410283,757.6953054218317,275.04872905417756,3994.588211417198,processed_data/automated_image_analysis/manual_rescue/masks_original_resolution/Phyllidiopsis_shireenae/Phyllidiopsis_shireenae_img06_manual_rescue_mask.png,processed_data/automated_image_analysis/manual_rescue/qc/Phyllidiopsis_shireenae/Phyllidiopsis_shireenae_img06_manual_rescue_qc.png
Sebadoris fragilis,Sebadoris_fragilis_img05,accepted,1,172.0948405635394,745.0394406514058,1757.2608567792859,934.2405871928415,4589.642030000687,processed_data/automated_image_analysis/manual_rescue/masks_original_resolution/Sebadoris_fragilis/Sebadoris_fragilis_img05_manual_rescue_mask.png,processed_data/automated_image_analysis/manual_rescue/qc/Sebadoris_fragilis/Sebadoris_fragilis_img05_manual_rescue_qc.png
Sebadoris fragilis,Sebadoris_fragilis_img06,accepted,1,1315.6147166545225,1376.8763478239573,238.6403524434595,1141.5988713347713,3591.919161915779,processed_data/automated_image_analysis/manual_rescue/masks_original_resolution/Sebadoris_fragilis/Sebadoris_fragilis_img06_manual_rescue_mask.png,processed_data/automated_image_analysis/manual_rescue/qc/Sebadoris_fragilis/Sebadoris_fragilis_img06_manual_rescue_qc.png
Sebadoris fragilis,Sebadoris_fragilis_img09,rejected,3,565.3601962557697,1401.729602382674,863.5992509603715,788.6826566009922,,,
